"","Keeper_Names","Player_valuation","Age","Height","Position","Foot","Y_Contract_Left","Actual_Club","Data_League","Goals.Against","Shots.on.Target.Against","Saves","Save.","Wins","Draws","Losses","Clean.Sheets","Clean.Sheet.Percentage","Penalty.Kicks.Attempted","Penalty.Kicks.Allowed","Penalty.Kicks.Saved","Penalty.Kicks.Missed","Save...Penalty.Kicks.","Goals.Against.1","Penalty.Kicks.Allowed.1","Free.Kick.Goals.Against","Corner.Kick.Goals.Against","Own.Goals.Scored.Against.Goalkeeper","PSxG","PSxG.SoT","PSxG.GA","Passes.Completed..Launched.","Passes.Attempted..Launched.","Pass.Completion.Percentage..Launched.","Passes.Attempted","Throws.Attempted","Launch.","Average.Pass.Length","Goal.Kicks","Launch...Goal.Kicks.","Avg..Length.of.Goal.Kicks","Crosses.Faced","Crosses.Stopped","Crosses.Stopped..","Def..Actions.Outside.Pen..Area","Avg..Distance.of.Def..Actions"
"1","Aarón Escandell",1000000,"26",1.85,"Goalkeeper","right",1.32602739726027,"Granada CF","La Liga"," 1.72"," 4.66"," 3.19","68.40"," 0.12"," 0.37"," 0.49"," 0.25","25.00"," 0.25"," 0.25"," 0.00"," 0.00"," 0.00"," 1.72"," 0.25"," 0.00"," 0.00"," 0.00"," 1.69"," 0.34","-0.02"," 9.44","24.77","38.10","25.26"," 3.19","70.90","50.40"," 8.58","80.00","59.10"," 8.71"," 0.61"," 7.00"," 2.33","16.50"
"2","Aaron Ramsdale",25000000,"23",1.91,"Goalkeeper","right",3.32876712328767,"Arsenal FC","Premier League"," 1.19"," 4.50"," 3.31","76.40"," 0.53"," 0.09"," 0.38"," 0.44","43.80"," 0.13"," 0.13"," 0.00"," 0.00"," 0.00"," 1.19"," 0.13"," 0.00"," 0.00"," 0.06"," 1.19"," 0.24"," 0.06"," 6.47","18.03","35.90","27.00"," 4.94","47.00","40.70"," 6.81","78.40","61.30"," 7.47"," 0.66"," 8.80"," 0.66","15.00"
"3","Abdoulaye Diallo",300000,"29",1.91,"Goalkeeper","right",NA,"Without Club","Ligue 1"," 0.73"," 3.27"," 2.73","83.30"," 0.55"," 0.36"," 0.18"," 0.36","33.30"," 0.18"," 0.18"," 0.00"," 0.00"," 0.00"," 0.73"," 0.18"," 0.00"," 0.18"," 0.00"," 0.87"," 0.22"," 0.15"," 5.82","12.73","45.70","20.36"," 4.18","42.90","36.30"," 6.36","62.90","46.70"," 6.73"," 0.55"," 8.10"," 0.55","13.70"
"4","Aitor Fernández",4000000,"30",1.82,"Goalkeeper","right",2.32876712328767,"Levante UD","La Liga"," 2.10"," 5.41"," 3.46","62.00"," 0.15"," 0.30"," 0.55"," 0.20","20.00"," 0.10"," 0.05"," 0.05"," 0.00","50.00"," 2.10"," 0.05"," 0.00"," 0.45"," 0.10"," 1.73"," 0.31","-0.28"," 4.61","11.93","38.70","23.25"," 4.71","40.30","37.80"," 6.87","37.20","34.10"," 7.82"," 0.50"," 6.40"," 0.85","15.40"
"5","Alban Lafont",10000000,"23",1.96,"Goalkeeper","right",2.32876712328767,"FC Nantes","Ligue 1"," 1.11"," 3.94"," 2.92","73.90"," 0.44"," 0.19"," 0.36"," 0.25","25.00"," 0.17"," 0.08"," 0.08"," 0.00","50.00"," 1.11"," 0.08"," 0.03"," 0.11"," 0.03"," 1.13"," 0.25"," 0.05"," 5.64","17.83","31.60","21.36"," 2.97","55.00","46.50"," 7.31","83.30","59.70"," 7.53"," 0.53"," 7.00"," 0.64","15.00"
"6","Alberto Brignoli",1200000,"30",1.88,"Goalkeeper","left",2.32876712328767,"Panathinaikos Athens","Serie A"," 2.48"," 5.69"," 3.36","59.20"," 0.08"," 0.16"," 0.64"," 0.08"," 9.10"," 0.32"," 0.16"," 0.00"," 0.16"," 0.00"," 2.48"," 0.16"," 0.00"," 0.48"," 0.00"," 2.32"," 0.40","-0.16"," 7.37","21.30","34.60","29.95"," 4.88","51.30","43.20"," 8.25","71.80","56.10","11.53"," 2.00","17.40"," 1.28","17.00"
"7","Aleksandar Jovanovic",500000,"29",1.9,"Goalkeeper","right",2.24657534246575,"Apollon Limassol","Superliga"," 1.58"," 3.58"," 2.25","60.50"," 0.08"," 0.33"," 0.58"," 0.00"," 0.00"," 0.17"," 0.17"," 0.00"," 0.00"," 0.00"," 1.58"," 0.17"," 0.08"," 0.08"," 0.08"," 1.32"," 0.33","-0.18"," 6.58","20.67","31.90","21.25"," 1.83","68.60","50.00"," 6.67","91.30","64.90"," 7.58"," 0.42"," 5.50"," 0.42","13.90"
"8","Alessio Cragno",14000000,"27",1.84,"Goalkeeper","right",2.32876712328767,"Cagliari Calcio","Serie A"," 1.71"," 4.65"," 3.03","67.10"," 0.18"," 0.35"," 0.47"," 0.06"," 5.90"," 0.21"," 0.18"," 0.03"," 0.00","14.30"," 1.71"," 0.18"," 0.12"," 0.26"," 0.03"," 1.56"," 0.30","-0.12"," 8.56","19.74","43.40","24.79"," 3.24","56.00","42.50"," 8.21","71.30","50.50"," 8.97"," 0.79"," 8.90"," 0.50","14.40"
"9","Alex McCarthy",3500000,"32",1.93,"Goalkeeper","right",0.326027397260274,"Southampton FC","Premier League"," 1.67"," 4.67"," 3.00","65.30"," 0.19"," 0.38"," 0.43"," 0.24","23.80"," 0.05"," 0.05"," 0.00"," 0.00"," 0.00"," 1.67"," 0.05"," 0.00"," 0.38"," 0.00"," 1.51"," 0.32","-0.16"," 5.24","16.48","31.80","24.33"," 4.19","46.00","38.50"," 7.29","72.50","53.00"," 8.71"," 1.00","11.50"," 0.24","12.50"
"10","Alex Meret",15000000,"24",1.9,"Goalkeeper","left",1.32602739726027,"SSC Napoli","Serie A"," 1.29"," 3.05"," 1.86","60.90"," 0.62"," 0.19"," 0.19"," 0.24","23.80"," 0.10"," 0.10"," 0.00"," 0.00"," 0.00"," 1.29"," 0.10"," 0.05"," 0.14"," 0.00"," 1.00"," 0.30","-0.29"," 2.71"," 4.90","55.30","19.62"," 3.62","17.00","26.40"," 5.95","26.40","28.80"," 7.24"," 0.48"," 6.60"," 0.33","15.20"
"11","Álex Remiro",22000000,"26",1.91,"Goalkeeper","right",1.32602739726027,"Real Sociedad","La Liga"," 1.00"," 2.98"," 2.05","68.90"," 0.44"," 0.32"," 0.24"," 0.49","48.80"," 0.12"," 0.07"," 0.02"," 0.02","25.00"," 1.00"," 0.07"," 0.02"," 0.20"," 0.02"," 0.95"," 0.29","-0.03"," 7.24","15.63","46.30","27.73"," 3.59","41.20","36.40"," 6.80","62.00","49.80"," 8.22"," 0.56"," 6.80"," 0.98","16.30"
"12","Alexander Nübel",6000000,"25",1.93,"Goalkeeper","right",1.32602739726027,"AS Monaco","Ligue 1"," 1.06"," 3.18"," 2.39","72.40"," 0.42"," 0.33"," 0.24"," 0.27","27.30"," 0.21"," 0.18"," 0.00"," 0.03"," 0.00"," 1.06"," 0.18"," 0.00"," 0.15"," 0.09"," 1.10"," 0.29"," 0.13"," 4.64","12.70","36.50","25.79"," 4.21","34.30","35.00"," 7.15","53.80","44.90"," 6.91"," 0.36"," 5.30"," 0.55","15.00"
"13","Alexander Schwolow",5000000,"29",1.9,"Goalkeeper","right",3.32876712328767,"Hertha BSC","Bundesliga"," 1.87"," 4.97"," 3.26","66.20"," 0.26"," 0.32"," 0.42"," 0.19","19.40"," 0.19"," 0.19"," 0.00"," 0.00"," 0.00"," 1.87"," 0.19"," 0.03"," 0.23"," 0.00"," 1.84"," 0.34","-0.04"," 6.52","15.29","42.60","26.61"," 5.68","37.00","35.50"," 8.52","64.00","49.40","10.48"," 0.45"," 4.30"," 0.55","13.70"
"14","Alexandre Letellier",400000,"31",1.93,"Goalkeeper","right",0.326027397260274,"Paris Saint-Germain","Swiss Super League","  1.31","  3.54","  2.46"," 67.40","  0.15","  0.54","  0.31","  0.08","  7.70","  0.15","  0.15","  0.00","  0.00","  0.00","  1.31","  0.15","  0.00","  0.23","  0.08","  1.05","  0.27"," -0.18","  5.54"," 12.62"," 43.90"," 15.15","  3.38"," 53.30"," 43.90","  4.54","100.00"," 72.10"," 10.23","  0.69","  6.80","  0.46"," 16.50"
"15","Alexandre Oukidja",1500000,"33",1.84,"Goalkeeper","right",1.32602739726027,"FC Metz","Ligue 1"," 1.92"," 4.21"," 2.60","61.00"," 0.12"," 0.36"," 0.52"," 0.16","16.00"," 0.28"," 0.28"," 0.00"," 0.00"," 0.00"," 1.92"," 0.28"," 0.04"," 0.16"," 0.08"," 1.71"," 0.35","-0.13"," 7.21","16.30","44.20","20.55"," 5.93","51.30","43.20"," 7.53","76.60","56.50"," 8.33"," 1.12","13.50"," 1.12","16.30"
"16","Alfred Gomis",8000000,"28",1.96,"Goalkeeper","right",3.32876712328767,"Stade Rennais FC","Ligue 1"," 0.90"," 2.48"," 1.65","70.10"," 0.55"," 0.19"," 0.26"," 0.39","38.70"," 0.16"," 0.16"," 0.00"," 0.00"," 0.00"," 0.90"," 0.16"," 0.00"," 0.10"," 0.00"," 0.94"," 0.34"," 0.04"," 5.13","11.74","43.70","25.00"," 4.90","31.20","32.10"," 6.16","63.90","48.90"," 8.65"," 0.58"," 6.70"," 0.55","14.50"
"17","Alphonse Areola",12000000,"29",1.95,"Goalkeeper","right",0.326027397260274,"West Ham United","Premier League"," 1.38"," 4.06"," 2.81","67.70"," 0.25"," 0.19"," 0.56"," 0.25","25.00"," 0.06"," 0.06"," 0.00"," 0.00"," 0.00"," 1.38"," 0.06"," 0.00"," 0.13"," 0.06"," 1.48"," 0.36"," 0.17"," 5.56","13.38","41.60","22.63"," 3.75","40.10","35.20"," 7.69","56.10","42.80"," 7.25"," 0.31"," 4.30"," 0.50","13.70"
"18","Álvaro Fernández",4000000,"23",1.86,"Goalkeeper","left",0.326027397260274,"Brentford FC","Premier League"," 1.85"," 5.10"," 3.50","65.70"," 0.25"," 0.15"," 0.60"," 0.20","20.00"," 0.10"," 0.10"," 0.00"," 0.00"," 0.00"," 1.85"," 0.10"," 0.00"," 0.40"," 0.15"," 1.70"," 0.32"," 0.00"," 6.65","17.30","38.40","31.60"," 4.70","44.80","38.00"," 6.60","47.70","38.70"," 8.45"," 0.40"," 4.70"," 0.85","16.10"
"19","Andrea Consigli",2000000,"35",1.89,"Goalkeeper","right",2.32876712328767,"US Sassuolo","Serie A"," 1.53"," 4.48"," 3.15","70.40"," 0.43"," 0.28"," 0.30"," 0.15","15.40"," 0.23"," 0.20"," 0.03"," 0.00","11.10"," 1.53"," 0.20"," 0.00"," 0.15"," 0.03"," 1.65"," 0.33"," 0.15"," 6.68","13.68","48.80","32.98"," 4.63","35.10","33.40"," 6.48","32.40","29.10"," 8.80"," 0.68"," 7.70"," 0.55","13.40"
"20","Andreas Luthe",900000,"34",1.95,"Goalkeeper","right",NA,"1.FC Union Berlin","Bundesliga"," 1.40"," 4.09"," 2.83","67.80"," 0.37"," 0.31"," 0.31"," 0.20","20.00"," 0.11"," 0.09"," 0.03"," 0.00","25.00"," 1.40"," 0.09"," 0.00"," 0.14"," 0.11"," 1.31"," 0.31"," 0.03"," 6.71","17.26","38.90","29.51"," 4.00","43.40","38.30"," 7.57","58.90","43.90"," 8.34"," 0.60"," 7.20"," 0.63","14.20"
"21","Angus Gunn",3000000,"26",1.96,"Goalkeeper","right",3.32876712328767,"Norwich City","Premier League"," 2.57"," 6.00"," 3.71","61.90"," 0.14"," 0.14"," 0.71"," 0.14","14.30"," 0.57"," 0.29"," 0.14"," 0.14","33.30"," 2.57"," 0.29"," 0.00"," 0.29"," 0.00"," 2.69"," 0.40"," 0.11"," 6.57","16.00","41.10","23.14"," 4.57","53.10","40.30"," 8.86","41.90","38.50"," 9.86"," 0.86"," 8.70"," 0.86","14.60"
"22","Anthony Lopes",12000000,"31",1.84,"Goalkeeper","left",1.32602739726027,"Olympique Lyon","Ligue 1"," 1.32"," 4.26"," 3.09","71.30"," 0.49"," 0.27"," 0.25"," 0.25","24.40"," 0.10"," 0.10"," 0.00"," 0.00"," 0.00"," 1.32"," 0.10"," 0.07"," 0.20"," 0.07"," 1.27"," 0.29"," 0.02"," 4.73"," 9.70","48.70","27.13"," 4.75","28.40","32.10"," 6.57","30.60","32.80"," 7.57"," 0.39"," 5.20"," 0.86","16.10"
"23","Anthony Racioppi",1000000,"23",1.88,"Goalkeeper","right",3.32876712328767,"BSC Young Boys","Ligue 1"," 1.57"," 4.43"," 2.95","67.70"," 0.10"," 0.29"," 0.62"," 0.14","14.30"," 0.19"," 0.14"," 0.05"," 0.00","25.00"," 1.57"," 0.14"," 0.00"," 0.24"," 0.00"," 1.68"," 0.36"," 0.11"," 5.38","15.43","34.90","22.76"," 4.71","42.50","37.10"," 8.48","68.00","49.70"," 9.48"," 0.62"," 6.50"," 0.48","14.40"
"24","Antonio Mirante",500000,"38",1.93,"Goalkeeper","right",0.326027397260274,"AC Milan","Serie A"," 1.48"," 4.22"," 2.81","66.70"," 0.47"," 0.23"," 0.31"," 0.39","38.50"," 0.23"," 0.16"," 0.08"," 0.00","33.30"," 1.48"," 0.16"," 0.08"," 0.00"," 0.00"," 1.24"," 0.25","-0.24"," 5.46","11.63","47.00","27.01"," 5.39","35.30","33.20"," 7.03","30.00","29.80"," 8.74"," 0.16"," 1.80"," 1.17","15.80"
"25","Arthur Desmas",1500000,"27",1.96,"Goalkeeper","right",1.32602739726027,"Clermont Foot 63","Ligue 1"," 2.00"," 4.08"," 2.31","54.70"," 0.23"," 0.31"," 0.46"," 0.23","23.10"," 0.15"," 0.15"," 0.00"," 0.00"," 0.00"," 2.00"," 0.15"," 0.00"," 0.31"," 0.08"," 1.39"," 0.32","-0.53"," 2.85","10.54","27.00","20.54"," 3.77","33.30","34.60"," 7.77","47.50","38.10"," 6.54"," 0.23"," 3.50"," 0.38","12.40"
"26","Artur Boruc",50000,"42",1.93,"Goalkeeper","right",0.326027397260274,"Legia Warszawa","Premier League"," 1.50"," 4.33"," 3.00","71.20"," 0.33"," 0.25"," 0.42"," 0.33","33.30"," 0.25"," 0.25"," 0.00"," 0.00"," 0.00"," 1.50"," 0.25"," 0.17"," 0.17"," 0.00"," 1.41"," 0.28","-0.09"," 5.33","15.50","34.40","19.67"," 4.92","45.30","40.90"," 9.50","69.30","53.70","10.42"," 0.33"," 3.20"," 0.33","13.50"
"27","Asmir Begovic",1000000,"34",1.99,"Goalkeeper","right",0.326027397260274,"Everton FC","Premier League"," 1.96"," 4.25"," 2.42","55.90"," 0.33"," 0.13"," 0.54"," 0.21","20.80"," 0.08"," 0.08"," 0.00"," 0.00"," 0.00"," 1.96"," 0.08"," 0.00"," 0.25"," 0.08"," 1.56"," 0.36","-0.32"," 5.67","14.42","39.30","19.54"," 5.00","45.60","39.90"," 8.04","68.40","53.50"," 9.58"," 1.00","10.40"," 0.33","13.30"
"28","Axel Werner",900000,"26",1.91,"Goalkeeper","right",0.326027397260274,"Arsenal Fútbol Club","Segunda División"," 2.67"," 5.83"," 3.50","57.10"," 0.17"," 0.17"," 0.67"," 0.00"," 0.00"," 0.17"," 0.17"," 0.00"," 0.00"," 0.00"," 2.67"," 0.17"," 0.00"," 0.17"," 0.17"," 1.68"," 0.26","-0.82"," 6.83","20.17","33.90","16.83"," 2.33","69.30","47.20"," 9.67","87.90","63.10"," 9.50"," 0.17"," 1.80"," 0.00"," 9.50"
"29","Baptiste Reynet",1300000,"31",1.85,"Goalkeeper","right",2.32876712328767,"Dijon FCO","Ligue 2","  1.70","  5.50","  3.80"," 69.10","  0.20","  0.40","  0.40","  0.10"," 10.00","  0.10","  0.00","  0.10","  0.00","100.00","  1.70","  0.00","  0.00","  0.50","  0.00","  1.58","  0.27"," -0.12","  7.30"," 19.30"," 37.80"," 33.00","  4.20"," 44.80"," 39.60","  7.40"," 60.80"," 46.80","  9.80","  0.40","  4.10","  0.80"," 13.90"
"30","Bartlomiej Dragowski",11000000,"24",1.91,"Goalkeeper","right",1.32602739726027,"ACF Fiorentina","Serie A"," 1.55"," 3.47"," 2.23","64.30"," 0.37"," 0.31"," 0.43"," 0.25","22.20"," 0.37"," 0.31"," 0.06"," 0.00","16.70"," 1.55"," 0.31"," 0.00"," 0.25"," 0.00"," 1.62"," 0.37"," 0.07"," 8.42","21.11","39.90","32.99"," 3.78","46.70","40.10"," 7.49","76.00","56.70"," 8.91"," 0.80"," 9.00"," 0.99","14.90"
"31","Ben Foster",300000,"38",1.93,"Goalkeeper","left",0.326027397260274,"Watford FC","Premier League","  1.40","  3.60","  2.13"," 61.10","  0.27","  0.27","  0.47","  0.20"," 20.00","  0.07","  0.00","  0.07","  0.00","100.00","  1.40","  0.00","  0.00","  0.27","  0.00","  1.28","  0.35"," -0.12","  9.13"," 25.07"," 36.40"," 24.87","  2.53"," 69.20"," 50.90","  8.87"," 88.70"," 63.40"," 10.20","  0.47","  4.60","  0.93"," 16.00"
"32","Ben Hamer",300000,"34",1.93,"Goalkeeper","right",0.326027397260274,"Swansea City","Premier League"," 3.42"," 6.18"," 3.42","52.60"," 0.00"," 0.16"," 0.98"," 0.16","14.30"," 0.49"," 0.49"," 0.00"," 0.00"," 0.00"," 3.42"," 0.49"," 0.33"," 0.33"," 0.16"," 2.59"," 0.35","-0.67","10.25","27.18","37.70","25.06"," 1.95","79.20","53.60"," 8.46","86.50","62.30"," 8.63"," 0.65"," 7.50"," 0.33","14.20"
"33","Benoît Costil",2200000,"34",1.88,"Goalkeeper","right",0.326027397260274,"FC Girondins Bordeaux","Ligue 1"," 2.32"," 5.00"," 2.97","59.40"," 0.23"," 0.26"," 0.52"," 0.06"," 6.50"," 0.29"," 0.29"," 0.00"," 0.00"," 0.00"," 2.32"," 0.29"," 0.06"," 0.29"," 0.00"," 1.77"," 0.31","-0.55"," 8.52","19.13","44.50","27.23"," 3.19","48.10","39.90"," 8.68","69.50","51.90"," 8.06"," 0.55"," 6.80"," 0.81","14.90"
"34","Bingourou Kamara",800000,"25",1.96,"Goalkeeper","right",0.326027397260274,"RSC Charleroi","Ligue 1"," 1.75"," 3.88"," 2.38","58.10"," 0.25"," 0.00"," 0.75"," 0.25","25.00"," 0.13"," 0.13"," 0.00"," 0.00"," 0.00"," 1.75"," 0.13"," 0.00"," 0.13"," 0.13"," 1.21"," 0.28","-0.41"," 7.88","17.75","44.40","23.88"," 5.38","48.70","39.30"," 7.00","87.50","60.00"," 7.25"," 0.38"," 5.20"," 0.13","12.90"
"35","Bobby Allain",400000,"30",1.85,"Goalkeeper","right",0.83013698630137,"Örebro SK","Ligue 1"," 1.31"," 5.69"," 4.46","78.40"," 0.15"," 0.15"," 0.69"," 0.08"," 7.70"," 0.08"," 0.08"," 0.00"," 0.00"," 0.00"," 1.31"," 0.08"," 0.00"," 0.15"," 0.08"," 1.47"," 0.26"," 0.24","10.77","23.23","46.40","26.15"," 5.38","58.20","44.90"," 9.69","82.50","57.70","11.00"," 1.85","16.80"," 0.85","15.80"
"36","Brice Samba",2500000,"27",1.86,"Goalkeeper","right",1.32602739726027,"Nottingham Forest","Ligue 1"," 1.42"," 4.79"," 3.53","73.60"," 0.18"," 0.32"," 0.50"," 0.24","23.70"," 0.21"," 0.16"," 0.05"," 0.00","25.00"," 1.42"," 0.16"," 0.11"," 0.13"," 0.05"," 1.56"," 0.30"," 0.19"," 9.71","21.71","44.70","23.87"," 4.39","63.10","46.20"," 8.29","80.30","58.50"," 9.11"," 0.95","10.40"," 0.55","14.00"
"37","Cárdenas",800000,"24",1.86,"Goalkeeper","right",0.326027397260274,"Levante UD","La Liga"," 1.68"," 4.16"," 2.42","62.00"," 0.11"," 0.32"," 0.58"," 0.21","21.10"," 0.16"," 0.11"," 0.00"," 0.05"," 0.00"," 1.68"," 0.11"," 0.05"," 0.16"," 0.00"," 1.41"," 0.32","-0.28"," 5.74","14.42","39.80","24.68"," 4.26","43.70","39.20"," 7.16","50.70","41.40"," 9.63"," 0.58"," 6.00"," 0.84","14.40"
"38","Christian Mathenia",800000,"29",1.89,"Goalkeeper","right",2.32876712328767,"1.FC Nuremberg","Bundesliga"," 1.86"," 5.40"," 3.49","66.40"," 0.05"," 0.33"," 0.65"," 0.09"," 9.10"," 0.05"," 0.05"," 0.00"," 0.00"," 0.00"," 1.86"," 0.05"," 0.05"," 0.28"," 0.09"," 1.95"," 0.35"," 0.18"," 8.89","23.56","37.70","31.57"," 4.38","50.90","43.20","10.15","73.90","58.30","14.34"," 1.72","12.00"," 0.28","12.10"
"39","Ciprian Tataru<U+0219>anu",600000,"36",1.98,"Goalkeeper","right",1.32602739726027,"AC Milan","Serie A"," 1.33"," 3.33"," 2.33","66.70"," 0.56"," 0.22"," 0.22"," 0.22","22.20"," 0.33"," 0.22"," 0.11"," 0.00","33.30"," 1.33"," 0.22"," 0.00"," 0.11"," 0.11"," 1.18"," 0.26","-0.04"," 6.33","12.22","51.80","26.67"," 3.56","35.80","35.50"," 7.11","37.50","37.30"," 7.89"," 0.44"," 5.60"," 0.56","12.50"
"40","Claudio Bravo",900000,"38",1.84,"Goalkeeper","right",0.326027397260274,"Real Betis Balompié","La Liga"," 1.14"," 3.45"," 2.52","72.00"," 0.50"," 0.38"," 0.13"," 0.29","29.20"," 0.17"," 0.17"," 0.00"," 0.00"," 0.00"," 1.14"," 0.17"," 0.00"," 0.04"," 0.08"," 1.27"," 0.32"," 0.21"," 6.47","17.53","36.90","25.14"," 3.66","52.70","43.90"," 6.31","68.00","53.00","10.64"," 0.55"," 5.10"," 0.50","13.20"
"41","Costel Pantilimon",150000,"35",2.03,"Goalkeeper","right",NA,"Unknown","Championship"," 1.50"," 3.83"," 2.67","65.20"," 0.50"," 0.00"," 0.50"," 0.17","16.70"," 0.17"," 0.17"," 0.00"," 0.00"," 0.00"," 1.50"," 0.17"," 0.00"," 0.00"," 0.17"," 1.13"," 0.27","-0.20"," 7.00","15.67","44.70","17.83"," 3.17","57.90","43.00"," 6.50","82.10","58.00"," 7.67"," 0.17"," 2.20"," 0.50","16.00"
"42","Daniel Bachmann",3000000,"27",1.91,"Goalkeeper","right",2.32876712328767,"Watford FC","Premier League"," 2.36"," 5.55"," 3.55","62.30"," 0.09"," 0.00"," 0.91"," 0.00"," 0.00"," 0.27"," 0.27"," 0.00"," 0.00"," 0.00"," 2.36"," 0.27"," 0.09"," 0.36"," 0.18"," 1.95"," 0.31","-0.24"," 7.27","18.73","38.80","22.55"," 3.64","60.90","47.10"," 7.27","68.80","51.50"," 9.18"," 0.27"," 3.00"," 0.73","13.70"
"43","Danijel Petkovic",1000000,"28",1.96,"Goalkeeper","right",0.326027397260274,"SCO Angers","Ligue 1"," 1.46"," 4.23"," 3.08","69.10"," 0.23"," 0.23"," 0.54"," 0.15","15.40"," 0.23"," 0.15"," 0.08"," 0.00","33.30"," 1.46"," 0.15"," 0.00"," 0.08"," 0.15"," 1.12"," 0.24","-0.18"," 3.15","10.15","31.10","22.46"," 5.69","30.50","33.00"," 8.00","41.30","38.00"," 8.62"," 0.77"," 8.90"," 0.69","13.30"
"44","Danijel Subašic",150000,"37",1.91,"Goalkeeper","right",1.24383561643836,"HNK Hajduk Split","Ligue 1"," 0.95"," 2.85"," 2.06","72.20"," 0.32"," 0.40"," 0.40"," 0.32","28.60"," 0.24"," 0.16"," 0.08"," 0.00","33.30"," 0.95"," 0.16"," 0.00"," 0.24"," 0.00"," 0.97"," 0.27"," 0.02"," 5.46","13.52","40.40","18.43"," 3.88","50.60","43.10"," 6.49","64.60","51.00"," 6.64"," 0.32"," 4.80"," 0.24","15.00"
"45","David de Gea",18000000,"31",1.89,"Goalkeeper","right",1.32602739726027,"Manchester United","Premier League"," 1.26"," 4.51"," 3.32","73.10"," 0.47"," 0.30"," 0.22"," 0.25","25.00"," 0.12"," 0.05"," 0.07"," 0.00","60.00"," 1.26"," 0.05"," 0.00"," 0.17"," 0.07"," 1.48"," 0.32"," 0.29"," 4.19","10.24","40.90","16.31"," 3.15","39.80","36.80"," 7.96","47.00","40.40"," 7.31"," 0.25"," 3.40"," 0.27","14.00"
"46","David Ospina",5000000,"33",1.83,"Goalkeeper","right",0.326027397260274,"SSC Napoli","Serie A"," 0.71"," 3.46"," 2.82","80.40"," 0.61"," 0.25"," 0.14"," 0.50","50.00"," 0.04"," 0.04"," 0.00"," 0.00"," 0.00"," 0.71"," 0.04"," 0.00"," 0.11"," 0.04"," 0.85"," 0.24"," 0.17"," 4.32"," 9.14","47.30","25.89"," 4.00","30.60","31.10"," 4.86","25.00","27.40"," 7.68"," 0.61"," 7.90"," 0.64","14.20"
"47","David Raya",18000000,"26",1.83,"Goalkeeper","right",2.32876712328767,"Brentford FC","Premier League"," 1.14"," 4.50"," 3.43","76.20"," 0.29"," 0.29"," 0.43"," 0.29","28.60"," 0.07"," 0.07"," 0.00"," 0.00"," 0.00"," 1.14"," 0.07"," 0.00"," 0.14"," 0.00"," 1.23"," 0.26"," 0.09","10.86","26.57","40.90","36.29"," 4.79","55.50","43.40"," 8.29","77.60","55.70"," 9.71"," 0.79"," 8.10"," 1.29","15.50"
"48","David Soria",7000000,"28",1.92,"Goalkeeper","right",1.32602739726027,"Getafe CF","La Liga"," 1.16"," 3.01"," 1.93","65.00"," 0.21"," 0.33"," 0.46"," 0.31","30.80"," 0.15"," 0.10"," 0.03"," 0.03","20.00"," 1.16"," 0.10"," 0.00"," 0.18"," 0.08"," 1.09"," 0.33"," 0.02","10.66","24.94","42.70","22.99"," 1.64","80.40","55.10"," 7.24","89.00","60.80"," 8.89"," 0.95","10.70"," 1.21","16.40"
"49","Diego López",500000,"40",1.96,"Goalkeeper","right",0.326027397260274,"RCD Espanyol Barcelona","La Liga"," 1.46"," 4.35"," 3.00","68.10"," 0.31"," 0.31"," 0.38"," 0.27","26.90"," 0.08"," 0.08"," 0.00"," 0.00"," 0.00"," 1.46"," 0.08"," 0.00"," 0.15"," 0.08"," 1.28"," 0.28","-0.11"," 5.12","13.54","37.80","24.50"," 5.31","39.70","37.50"," 8.19","46.50","38.80","11.81"," 1.12"," 9.40"," 0.73","14.00"
"50","Édgar Badía",1500000,"30",1.8,"Goalkeeper","right",0.326027397260274,"Elche CF","La Liga"," 1.60"," 4.40"," 3.15","71.60"," 0.30"," 0.30"," 0.40"," 0.10","10.00"," 0.50"," 0.35"," 0.10"," 0.05","22.20"," 1.60"," 0.35"," 0.00"," 0.40"," 0.00"," 1.76"," 0.32"," 0.16"," 9.30","19.45","47.80","26.25"," 4.40","49.50","39.90"," 8.75","73.70","52.20","10.35"," 0.90"," 8.70"," 0.90","15.30"
"51","Edouard Mendy",32000000,"30",1.95,"Goalkeeper","right",3.32876712328767,"Chelsea FC","Premier League"," 0.66"," 2.66"," 2.07","78.80"," 0.66"," 0.21"," 0.14"," 0.54","53.50"," 0.12"," 0.09"," 0.02"," 0.00","20.00"," 0.66"," 0.09"," 0.00"," 0.07"," 0.02"," 0.71"," 0.23"," 0.07"," 3.15"," 7.36","42.80","22.64"," 4.14","24.00","28.60"," 5.36","36.00","31.80"," 6.64"," 0.59"," 8.90"," 0.59","14.20"
"52","Emil Audero",12000000,"25",1.92,"Goalkeeper","right",4.32876712328767,"UC Sampdoria","Serie A"," 1.71"," 4.70"," 3.08","64.90"," 0.32"," 0.22"," 0.48"," 0.22","21.90"," 0.10"," 0.06"," 0.03"," 0.00","33.30"," 1.71"," 0.06"," 0.06"," 0.13"," 0.03"," 1.50"," 0.31","-0.18"," 7.49","17.33","43.20","27.40"," 3.81","45.20","39.10"," 7.14","69.30","50.30"," 9.84"," 0.73"," 7.40"," 0.35","13.60"
"53","Etienne Green",10000000,"21",1.91,"Goalkeeper","right",3.32876712328767,"AS Saint-Étienne","Ligue 1"," 1.64"," 4.27"," 2.86","64.80"," 0.28"," 0.28"," 0.52"," 0.19","17.40"," 0.23"," 0.14"," 0.05"," 0.05","25.00"," 1.64"," 0.14"," 0.09"," 0.14"," 0.09"," 1.37"," 0.29","-0.18"," 5.59","14.88","37.50","20.85"," 4.51","45.30","39.40"," 8.40","64.80","50.50"," 8.78"," 0.66"," 7.50"," 0.61","14.00"
"54","Etrit Berisha",800000,"32",1.94,"Goalkeeper","left",2.32876712328767,"Torino FC","Serie A"," 1.69"," 5.46"," 4.08","73.20"," 0.19"," 0.12"," 0.69"," 0.12","11.50"," 0.23"," 0.23"," 0.00"," 0.00"," 0.00"," 1.69"," 0.23"," 0.04"," 0.08"," 0.08"," 1.70"," 0.28"," 0.08"," 7.54","16.92","44.50","25.00"," 5.23","46.00","37.40"," 9.00","60.30","45.90","10.58"," 0.81"," 7.60"," 0.54","13.60"
"55","Fernando Pacheco",5000000,"29",1.87,"Goalkeeper","left",1.32602739726027,"Deportivo Alavés","La Liga"," 1.61"," 3.74"," 2.21","60.70"," 0.25"," 0.25"," 0.50"," 0.22","22.20"," 0.19"," 0.14"," 0.06"," 0.00","28.60"," 1.61"," 0.14"," 0.00"," 0.22"," 0.00"," 1.49"," 0.36","-0.12","10.49","19.84","52.90","21.34"," 2.63","64.60","47.60"," 8.83","68.70","50.00"," 9.96"," 0.83"," 8.30"," 0.75","15.00"
"56","Florian Kastenmeier",800000,"24",1.92,"Goalkeeper","right",2.32876712328767,"Fortuna Düsseldorf","Bundesliga"," 1.82"," 4.47"," 2.94","61.80"," 0.12"," 0.53"," 0.35"," 0.12","11.80"," 0.18"," 0.12"," 0.06"," 0.00","33.30"," 1.82"," 0.12"," 0.00"," 0.18"," 0.18"," 1.44"," 0.30","-0.21"," 8.24","19.41","42.40","30.53"," 3.29","51.10","42.50"," 6.53","58.60","48.30"," 6.18"," 0.24"," 3.80"," 0.82","15.50"
"57","Florian Müller",8000000,"24",1.9,"Goalkeeper","left",3.32876712328767,"VfB Stuttgart","Bundesliga"," 1.76"," 5.00"," 3.38","66.90"," 0.24"," 0.21"," 0.55"," 0.17","17.20"," 0.10"," 0.10"," 0.00"," 0.00"," 0.00"," 1.76"," 0.10"," 0.03"," 0.17"," 0.07"," 1.48"," 0.28","-0.21"," 4.76","11.21","42.50","31.24"," 5.28","26.30","30.50"," 8.00","37.50","35.70"," 8.93"," 0.41"," 4.60"," 0.93","15.40"
"58","Fraser Forster",2500000,"33",2.01,"Goalkeeper","right",0.326027397260274,"Southampton FC","Premier League"," 1.56"," 4.50"," 3.25","70.80"," 0.50"," 0.19"," 0.31"," 0.19","18.80"," 0.31"," 0.25"," 0.06"," 0.00","20.00"," 1.56"," 0.25"," 0.00"," 0.19"," 0.06"," 1.54"," 0.29"," 0.04"," 6.44","18.56","34.70","25.19"," 3.56","51.60","42.20"," 7.44","74.80","52.10","10.56"," 0.81"," 7.70"," 0.88","14.00"
"59","Gabriel",1000000,"29",1.93,"Goalkeeper","right",0.326027397260274,"US Lecce","Serie A"," 2.28"," 6.52"," 4.59","69.60"," 0.18"," 0.24"," 0.60"," 0.06"," 5.90"," 0.36"," 0.30"," 0.06"," 0.00","16.70"," 2.28"," 0.30"," 0.03"," 0.36"," 0.09"," 2.43"," 0.34"," 0.24"," 4.41","10.63","41.50","19.61"," 5.83","36.10","34.90"," 9.79","36.20","31.80","11.47"," 0.63"," 5.50"," 0.36","13.60"
"60","Gaëtan Poussin",1000000,"23",1.86,"Goalkeeper","right",1.32602739726027,"FC Girondins Bordeaux","Ligue 1"," 2.60"," 5.00"," 2.80","52.00"," 0.20"," 0.40"," 0.40"," 0.00"," 0.00"," 0.40"," 0.20"," 0.20"," 0.00","50.00"," 2.60"," 0.20"," 0.00"," 0.40"," 0.20"," 1.96"," 0.32","-0.44"," 7.40","16.40","45.10","31.00"," 5.80","38.10","35.80"," 9.20","50.00","40.50","10.80"," 0.20"," 1.90"," 1.40","14.90"
"61","Gauthier Gallon",2500000,"28",1.86,"Goalkeeper","right",2.32876712328767,"ESTAC Troyes","Ligue 1"," 1.58"," 4.19"," 2.92","68.80"," 0.19"," 0.27"," 0.54"," 0.19","19.20"," 0.27"," 0.27"," 0.00"," 0.00"," 0.00"," 1.58"," 0.27"," 0.00"," 0.27"," 0.08"," 1.39"," 0.27","-0.11"," 7.12","15.77","45.10","25.92"," 5.04","43.60","37.30"," 7.96","56.00","41.90"," 8.65"," 0.58"," 6.70"," 0.50","12.80"
"62","Gautier Larsonneur",3500000,"25",1.81,"Goalkeeper","right",1.32602739726027,"Stade Brestois 29","Ligue 1"," 1.60"," 3.70"," 2.40","62.20"," 0.10"," 0.40"," 0.50"," 0.20","20.00"," 0.30"," 0.20"," 0.00"," 0.10"," 0.00"," 1.60"," 0.20"," 0.00"," 0.00"," 0.10"," 1.38"," 0.33","-0.12"," 6.10","11.90","51.30","25.10"," 4.00","37.10","36.60"," 8.60","30.20","32.50"," 9.00"," 0.60"," 6.70"," 0.60","13.60"
"63","Gerónimo Rulli",6000000,"29",1.89,"Goalkeeper","right",2.32876712328767,"Villarreal CF","La Liga"," 0.97"," 3.15"," 2.24","72.60"," 0.41"," 0.31"," 0.28"," 0.38","38.50"," 0.13"," 0.10"," 0.03"," 0.00","20.00"," 0.97"," 0.10"," 0.00"," 0.05"," 0.03"," 0.95"," 0.27"," 0.01"," 4.96","12.92","38.40","33.03"," 4.70","28.20","33.50"," 7.68","47.00","42.00"," 9.13"," 0.74"," 8.10"," 0.94","15.40"
"64","Gianluigi Buffon",1000000,"44",1.92,"Goalkeeper","right",2.32876712328767,"Parma Calcio 1913","Serie A"," 0.63"," 2.13"," 1.75","82.40"," 0.88"," 0.13"," 0.00"," 0.38","37.50"," 0.38"," 0.25"," 0.13"," 0.00","33.30"," 0.63"," 0.25"," 0.13"," 0.00"," 0.00"," 0.63"," 0.16"," 0.00"," 4.13"," 9.25","44.60","30.25"," 5.50","24.40","30.00"," 7.75","24.20","26.60","10.13"," 0.25"," 2.50"," 0.63","14.00"
"65","Gianluigi Donnarumma",65000000,"23",1.96,"Goalkeeper","right",4.32876712328767,"Paris Saint-Germain","Ligue 1"," 0.80"," 3.17"," 2.37","75.80"," 0.67"," 0.17"," 0.17"," 0.40","40.00"," 0.07"," 0.03"," 0.00"," 0.03"," 0.00"," 0.80"," 0.03"," 0.03"," 0.13"," 0.00"," 0.90"," 0.27"," 0.10"," 4.00"," 7.80","51.30","25.93"," 5.17","22.90","28.00"," 6.13","30.40","30.50"," 7.80"," 0.57"," 7.30"," 1.03","16.00"
"66","Giorgi Mamardashvili",3000000,"21",1.97,"Goalkeeper","left",2.32876712328767,"Valencia CF","La Liga"," 1.30"," 4.00"," 2.80","70.00"," 0.40"," 0.20"," 0.40"," 0.40","40.00"," 0.10"," 0.10"," 0.00"," 0.00"," 0.00"," 1.30"," 0.10"," 0.00"," 0.10"," 0.00"," 1.09"," 0.26","-0.21"," 8.10","18.70","43.30","19.10"," 3.40","65.40","46.20"," 7.80","79.50","56.70"," 9.40"," 0.50"," 5.30"," 0.70","13.20"
"67","Gregor Kobel",20000000,"24",1.94,"Goalkeeper","right",4.32876712328767,"Borussia Dortmund","Bundesliga"," 1.68"," 4.25"," 2.84","64.50"," 0.54"," 0.10"," 0.37"," 0.20","19.50"," 0.20"," 0.17"," 0.00"," 0.02"," 0.00"," 1.68"," 0.17"," 0.05"," 0.17"," 0.10"," 1.46"," 0.30","-0.12"," 3.48"," 8.86","39.30","28.74"," 4.74","24.00","29.30"," 6.47","30.50","32.00"," 7.38"," 0.69"," 9.40"," 0.81","14.70"
"68","Guglielmo Vicario",5000000,"25",1.94,"Goalkeeper","right",0.326027397260274,"FC Empoli","Serie A"," 1.90"," 5.32"," 3.58","66.10"," 0.35"," 0.23"," 0.42"," 0.16","16.10"," 0.19"," 0.10"," 0.03"," 0.06","25.00"," 1.90"," 0.10"," 0.03"," 0.19"," 0.13"," 1.73"," 0.30","-0.04"," 4.58","11.39","40.20","25.87"," 5.06","30.70","32.30"," 7.06","48.90","41.30","10.48"," 0.97"," 9.20"," 0.35","12.70"
"69","Hugo Lloris",7000000,"35",1.88,"Goalkeeper","left",2.32876712328767,"Tottenham Hotspur","Premier League"," 1.35"," 3.97"," 2.80","69.90"," 0.51"," 0.13"," 0.36"," 0.33","33.30"," 0.15"," 0.15"," 0.00"," 0.00"," 0.00"," 1.35"," 0.15"," 0.00"," 0.10"," 0.05"," 1.31"," 0.31"," 0.02"," 4.70","10.45","45.00","18.61"," 4.12","38.40","34.80"," 6.92","47.80","38.10"," 9.05"," 0.61"," 6.70"," 0.66","14.60"
"70","Iago Herrerín",800000,"34",1.87,"Goalkeeper","right",NA,"Al-Raed","La Liga"," 1.03"," 2.74"," 1.81","65.90"," 0.39"," 0.32"," 0.29"," 0.32","32.30"," 0.10"," 0.10"," 0.00"," 0.00"," 0.00"," 1.03"," 0.10"," 0.00"," 0.13"," 0.00"," 0.89"," 0.30","-0.15","11.35","24.74","45.90","25.06"," 2.74","73.10","52.60"," 6.87","93.40","69.10"," 9.65"," 0.71"," 7.40"," 0.84","16.00"
"71","Illan Meslier",20000000,"22",1.97,"Goalkeeper","left",4.32876712328767,"Leeds United","Premier League"," 1.89"," 5.46"," 3.68","68.30"," 0.27"," 0.30"," 0.43"," 0.16","16.20"," 0.19"," 0.16"," 0.03"," 0.00","14.30"," 1.89"," 0.16"," 0.05"," 0.32"," 0.03"," 1.72"," 0.29","-0.14"," 4.65","13.14","35.40","30.08"," 7.49","33.00","32.30"," 8.03","40.10","36.60"," 6.05"," 0.68","11.20"," 0.78","14.10"
"72","Ionu<U+021B> Radu",4000000,"24",1.88,"Goalkeeper","right",2.32876712328767,"Inter Milan","Serie A"," 2.06"," 5.24"," 3.59","67.40"," 0.12"," 0.29"," 0.59"," 0.12","11.80"," 0.41"," 0.35"," 0.00"," 0.06"," 0.00"," 2.06"," 0.35"," 0.12"," 0.24"," 0.06"," 1.88"," 0.30","-0.12"," 5.24","12.12","43.20","29.76"," 5.00","35.00","34.20"," 9.00","19.00","27.90","10.53"," 0.53"," 5.00"," 0.24","11.50"
"73","Iván Cuéllar",100000,"37",1.87,"Goalkeeper","left",1.32602739726027,"Sporting Gijón","La Liga"," 1.22"," 3.67"," 2.48","67.70"," 0.26"," 0.33"," 0.41"," 0.30","29.60"," 0.07"," 0.04"," 0.04"," 0.00","50.00"," 1.22"," 0.04"," 0.04"," 0.30"," 0.00"," 1.10"," 0.29","-0.13"," 8.52","23.08","36.90","22.42"," 4.00","69.90","52.10"," 8.08","91.70","67.80","10.08"," 1.19","11.80"," 1.26","16.00"
"74","Ivan Provedel",2000000,"27",1.92,"Goalkeeper","right",0.326027397260274,"Spezia Calcio","Serie A"," 1.70"," 5.11"," 3.63","71.70"," 0.26"," 0.26"," 0.48"," 0.15","14.80"," 0.37"," 0.26"," 0.04"," 0.07","12.50"," 1.70"," 0.26"," 0.07"," 0.19"," 0.07"," 1.52"," 0.26","-0.11"," 9.07","22.33","40.60","36.41"," 4.48","49.30","42.30"," 6.89","63.40","48.60"," 8.74"," 0.78"," 8.90"," 0.78","15.20"
"75","Iván Villar",2000000,"24",1.86,"Goalkeeper","right",0.326027397260274,"CD Leganés","Segunda División"," 1.44"," 3.76"," 2.48","70.20"," 0.48"," 0.16"," 0.32"," 0.32","33.30"," 0.40"," 0.32"," 0.08"," 0.00","20.00"," 1.44"," 0.32"," 0.08"," 0.16"," 0.00"," 1.43"," 0.31","-0.01"," 5.83","21.26","27.40","28.37"," 3.76","51.00","41.80"," 9.03","75.20","56.30","10.87"," 0.88"," 8.10"," 0.56","14.50"
"76","Ivo Grbic",4500000,"26",1.95,"Goalkeeper","right",0.326027397260274,"LOSC Lille","Ligue 1"," 1.19"," 3.81"," 2.81","72.80"," 0.41"," 0.33"," 0.26"," 0.19","18.50"," 0.15"," 0.15"," 0.00"," 0.00"," 0.00"," 1.19"," 0.15"," 0.04"," 0.22"," 0.04"," 1.17"," 0.27"," 0.02"," 5.22","14.70","35.50","20.37"," 4.19","47.50","39.70"," 7.74","65.10","48.30"," 9.70"," 0.89"," 9.20"," 0.52","13.80"
"77","Ivor Pandur",1000000,"21",1.87,"Goalkeeper","right",3.32876712328767,"Hellas Verona","Serie A"," 1.79"," 4.04"," 2.39","59.30"," 0.15"," 0.45"," 0.45"," 0.00"," 0.00"," 0.15"," 0.15"," 0.00"," 0.00"," 0.00"," 1.79"," 0.15"," 0.15"," 0.30"," 0.00"," 1.54"," 0.35","-0.25"," 4.04","12.86","31.40","19.73"," 2.69","43.90","37.60"," 5.53","75.70","52.00"," 5.23"," 0.30"," 5.70"," 0.30","14.70"
"78","Jack Butland",2000000,"28",1.96,"Goalkeeper","right",1.32602739726027,"Crystal Palace","Premier League","  1.69","  3.23","  1.85"," 47.60","  0.31","  0.46","  0.15","  0.00","  0.00","  0.15","  0.00","  0.15","  0.00","100.00","  1.69","  0.00","  0.15","  0.15","  0.31","  1.18","  0.33"," -0.20","  3.69"," 14.00"," 26.40"," 24.15","  3.85"," 39.50"," 35.00","  8.00"," 55.80"," 45.80"," 10.31","  0.62","  6.00","  0.62"," 13.80"
"79","Jan Oblak",60000000,"29",1.88,"Goalkeeper","right",1.32602739726027,"Atlético de Madrid","La Liga"," 1.13"," 2.90"," 1.92","66.20"," 0.48"," 0.25"," 0.27"," 0.31","31.30"," 0.23"," 0.15"," 0.06"," 0.02","30.00"," 1.13"," 0.15"," 0.02"," 0.13"," 0.04"," 0.98"," 0.28","-0.10"," 5.79","15.83","36.60","19.92"," 3.92","55.80","43.50"," 7.04","67.20","50.80"," 7.35"," 0.46"," 6.20"," 0.40","14.20"
"80","Jannik Huth",600000,"27",1.85,"Goalkeeper","right",2.32876712328767,"SC Paderborn 07","Bundesliga"," 2.83"," 5.33"," 2.67","50.00"," 0.00"," 0.17"," 0.83"," 0.00"," 0.00"," 0.17"," 0.17"," 0.00"," 0.00"," 0.00"," 2.83"," 0.17"," 0.00"," 0.17"," 0.00"," 1.95"," 0.34","-0.88"," 5.67","13.83","41.00","34.17"," 6.17","33.70","34.00"," 8.17","28.60","33.40"," 7.17"," 0.67"," 9.30"," 0.67","15.90"
"81","Jasper Cillessen",4000000,"32",1.87,"Goalkeeper","right",1.32602739726027,"Valencia CF","La Liga"," 1.56"," 4.67"," 3.26","70.70"," 0.33"," 0.38"," 0.33"," 0.24","22.70"," 0.28"," 0.19"," 0.09"," 0.00","33.30"," 1.56"," 0.19"," 0.05"," 0.19"," 0.09"," 1.61"," 0.31"," 0.15"," 7.13","17.98","39.60","21.85"," 4.01","56.40","45.50"," 7.69","73.60","57.30"," 9.72"," 0.52"," 5.30"," 0.52","14.40"
"82","Jaume Doménech",2500000,"31",1.85,"Goalkeeper","right",1.32602739726027,"Valencia CF","La Liga"," 1.79"," 3.71"," 2.05","55.20"," 0.13"," 0.38"," 0.38"," 0.00"," 0.00"," 0.26"," 0.13"," 0.13"," 0.00","50.00"," 1.79"," 0.13"," 0.00"," 0.51"," 0.13"," 1.49"," 0.36","-0.18"," 7.55","16.64","45.40","22.92"," 3.46","52.00","39.50"," 7.43","63.80","47.80","11.27"," 0.64"," 5.70"," 0.64","11.40"
"83","Jean-Louis Leca",600000,"36",1.8,"Goalkeeper","right",0.326027397260274,"RC Lens","Ligue 1"," 1.37"," 3.60"," 2.42","67.30"," 0.38"," 0.32"," 0.32"," 0.16","15.60"," 0.19"," 0.19"," 0.00"," 0.00"," 0.00"," 1.37"," 0.19"," 0.03"," 0.10"," 0.03"," 1.27"," 0.32","-0.07"," 4.49","10.90","41.20","19.98"," 4.78","38.10","35.00"," 7.84","41.90","37.20"," 7.97"," 0.73"," 9.20"," 0.54","14.20"
"84","Jeremías Ledesma",6000000,"29",1.86,"Goalkeeper","right",3.32876712328767,"Cádiz CF","La Liga"," 1.33"," 3.97"," 2.86","74.10"," 0.22"," 0.42"," 0.36"," 0.31","30.60"," 0.36"," 0.31"," 0.06"," 0.00","15.40"," 1.33"," 0.31"," 0.00"," 0.25"," 0.00"," 1.44"," 0.29"," 0.11"," 9.72","24.44","39.80","21.89"," 2.61","73.40","54.80"," 9.61","87.30","66.60","10.58"," 0.97"," 9.20"," 0.31","13.00"
"85","Jeroen Zoet",1200000,"31",1.89,"Goalkeeper","right",0.326027397260274,"Spezia Calcio","Serie A"," 2.25"," 5.08"," 3.08","60.70"," 0.25"," 0.17"," 0.58"," 0.00"," 0.00"," 0.33"," 0.25"," 0.08"," 0.00","25.00"," 2.25"," 0.25"," 0.00"," 0.33"," 0.00"," 2.17"," 0.37","-0.08"," 6.33","15.75","40.20","33.75"," 6.33","38.30","36.70"," 6.33","44.70","40.60"," 8.00"," 0.75"," 9.40"," 1.08","15.40"
"86","Jesse Joronen",1500000,"28",1.97,"Goalkeeper","right",0.326027397260274,"Brescia Calcio","Serie A"," 2.03"," 5.93"," 4.24","70.90"," 0.17"," 0.21"," 0.62"," 0.17","17.20"," 0.34"," 0.31"," 0.03"," 0.00","10.00"," 2.03"," 0.31"," 0.00"," 0.31"," 0.10"," 2.10"," 0.31"," 0.17"," 5.55","14.55","38.20","19.76"," 5.52","49.70","41.60"," 9.52","49.60","42.00","12.28"," 0.93"," 7.60"," 0.34","13.00"
"87","Jessy Moulin",300000,"36",1.85,"Goalkeeper","right",1.32602739726027,"ESTAC Troyes","Ligue 1"," 1.45"," 3.45"," 2.10","62.00"," 0.28"," 0.31"," 0.41"," 0.31","31.00"," 0.14"," 0.14"," 0.00"," 0.00"," 0.00"," 1.45"," 0.14"," 0.10"," 0.21"," 0.07"," 1.31"," 0.34","-0.07"," 4.83","12.76","37.80","23.41"," 5.03","35.30","36.60"," 6.97","64.40","49.50"," 7.59"," 0.45"," 5.90"," 0.31","13.50"
"88","Jirí Pavlenka",2500000,"29",1.96,"Goalkeeper","right",0.326027397260274,"SV Werder Bremen","2. Bundesliga"," 2.08"," 5.00"," 3.25","61.70"," 0.08"," 0.17"," 0.75"," 0.17","16.70"," 0.17"," 0.17"," 0.00"," 0.00"," 0.00"," 2.08"," 0.17"," 0.00"," 0.42"," 0.17"," 1.71"," 0.31","-0.21"," 7.08","15.33","46.20","24.42"," 4.50","44.40","38.40"," 9.00","50.00","42.50","10.08"," 0.67"," 6.60"," 0.50","14.00"
"89","Joe Hart",1800000,"34",1.96,"Goalkeeper","right",2.24657534246575,"Celtic FC","Premiership"," 2.60"," 6.20"," 4.00","61.30"," 0.40"," 0.00"," 0.60"," 0.20","20.00"," 0.20"," 0.20"," 0.00"," 0.00"," 0.00"," 2.60"," 0.20"," 0.00"," 0.80"," 0.20"," 2.12"," 0.31","-0.28"," 3.00"," 8.60","34.90","31.20"," 6.60","18.60","27.90"," 7.40","37.80","36.50"," 5.80"," 0.20"," 3.40"," 0.40","15.50"
"90","Joel Robles",2000000,"31",1.97,"Goalkeeper","right",0.326027397260274,"Real Betis Balompié","La Liga"," 1.39"," 3.11"," 2.06","62.50"," 0.50"," 0.11"," 0.39"," 0.33","33.30"," 0.28"," 0.22"," 0.06"," 0.00","20.00"," 1.39"," 0.22"," 0.06"," 0.28"," 0.11"," 1.19"," 0.31","-0.08"," 5.50","16.72","32.90","24.94"," 4.44","52.60","43.00"," 6.44","56.00","45.30"," 8.06"," 0.56"," 6.90"," 0.78","16.30"
"91","Jonas Omlin",8000000,"28",1.9,"Goalkeeper","right",2.32876712328767,"Montpellier HSC","Ligue 1"," 1.37"," 5.51"," 4.18","75.80"," 0.36"," 0.25"," 0.40"," 0.22","21.40"," 0.04"," 0.04"," 0.00"," 0.00"," 0.00"," 1.37"," 0.04"," 0.00"," 0.11"," 0.00"," 1.38"," 0.24"," 0.01"," 6.52","14.30","45.60","27.45"," 6.27","36.00","34.70"," 9.08","48.80","41.60","10.38"," 0.86"," 8.30"," 0.40","13.50"
"92","José Sá",8000000,"29",1.92,"Goalkeeper","right",4.32876712328767,"Wolverhampton Wanderers","Premier League"," 0.90"," 4.24"," 3.52","82.90"," 0.45"," 0.14"," 0.41"," 0.34","34.50"," 0.17"," 0.17"," 0.00"," 0.00"," 0.00"," 0.90"," 0.17"," 0.03"," 0.07"," 0.03"," 1.19"," 0.25"," 0.33"," 4.69","14.52","32.30","23.03"," 5.76","46.10","40.70"," 7.31","53.30","43.60"," 9.41"," 0.93"," 9.90"," 1.07","15.40"
"93","Juan Musso",20000000,"27",1.91,"Goalkeeper","right",3.32876712328767,"Atalanta BC","Serie A"," 1.45"," 3.90"," 2.62","67.10"," 0.44"," 0.25"," 0.32"," 0.23","22.70"," 0.18"," 0.16"," 0.00"," 0.02"," 0.00"," 1.45"," 0.16"," 0.02"," 0.16"," 0.02"," 1.29"," 0.30","-0.13"," 4.75","11.16","42.60","21.56"," 4.78","32.10","33.60"," 6.98","60.90","46.50"," 7.28"," 0.57"," 7.90"," 0.55","14.20"
"94","Juan Soriano",1000000,"24",1.85,"Goalkeeper","right",2.32876712328767,"CD Tenerife","La Liga"," 1.64"," 3.09"," 2.00","61.80"," 0.09"," 0.27"," 0.64"," 0.09"," 9.10"," 0.45"," 0.45"," 0.00"," 0.00"," 0.00"," 1.64"," 0.45"," 0.09"," 0.00"," 0.09"," 1.42"," 0.33","-0.13"," 4.45","15.91","28.00","20.18"," 5.36","52.30","45.80"," 6.82","78.70","63.10"," 6.36"," 0.64","10.00"," 0.64","18.30"
"95","Karl Darlow",3000000,"31",1.9,"Goalkeeper","right",3.32876712328767,"Newcastle United","Premier League"," 1.88"," 4.63"," 3.13","64.90"," 0.00"," 0.63"," 0.38"," 0.00"," 0.00"," 0.25"," 0.25"," 0.00"," 0.00"," 0.00"," 1.88"," 0.25"," 0.00"," 0.13"," 0.13"," 1.33"," 0.24","-0.43"," 9.38","21.50","43.60","23.63"," 3.63","64.60","49.80"," 8.00","78.10","59.80"," 8.63"," 1.00","11.60"," 0.50","14.90"
"96","Karl-Johan Johnsson",600000,"32",1.88,"Goalkeeper","right",1.32602739726027,"FC Copenhagen","Ligue 1"," 2.00"," 4.29"," 2.41","56.20"," 0.06"," 0.29"," 0.65"," 0.24","23.50"," 0.24"," 0.12"," 0.06"," 0.06","33.30"," 2.00"," 0.12"," 0.06"," 0.06"," 0.00"," 1.28"," 0.28","-0.72"," 8.29","20.29","40.90","20.71"," 3.35","64.80","48.50"," 7.53","91.40","66.20"," 7.71"," 0.53"," 6.90"," 0.65","15.40"
"97","Karlo Letica",450000,"25",2.01,"Goalkeeper","right",2.32876712328767,"CFR Cluj","Serie A","  2.90","  6.60","  3.80"," 56.10","  0.00","  0.10","  0.90","  0.00","  0.00","  0.10","  0.00","  0.10","  0.00","100.00","  2.90","  0.00","  0.20","  0.10","  0.10","  2.25","  0.33"," -0.55","  6.40"," 17.40"," 36.80"," 22.60","  5.30"," 50.00"," 40.60","  9.30"," 65.60"," 48.60"," 10.30","  0.70","  6.80","  0.10"," 11.70"
"98","Kasper Schmeichel",4000000,"35",1.89,"Goalkeeper","right",1.32602739726027,"Leicester City","Premier League"," 1.74"," 4.26"," 2.71","63.10"," 0.38"," 0.21"," 0.40"," 0.17","16.70"," 0.24"," 0.17"," 0.02"," 0.05","12.50"," 1.74"," 0.17"," 0.02"," 0.33"," 0.05"," 1.44"," 0.30","-0.25"," 6.21","14.86","41.80","26.40"," 3.88","43.10","38.20"," 7.07","49.20","42.90"," 7.57"," 0.48"," 6.30"," 0.50","13.10"
"99","Kepa Arrizabalaga",10000000,"27",1.86,"Goalkeeper","right",3.32876712328767,"Chelsea FC","Premier League"," 0.93"," 3.20"," 2.40","75.00"," 0.27"," 0.40"," 0.27"," 0.40","42.90"," 0.13"," 0.13"," 0.00"," 0.00"," 0.00"," 0.93"," 0.13"," 0.00"," 0.13"," 0.00"," 1.17"," 0.34"," 0.24"," 4.13"," 9.73","42.50","30.93"," 6.40","26.70","30.30"," 5.47","26.80","27.50"," 6.13"," 0.27"," 4.30"," 1.47","18.80"
"100","Kevin Trapp",6500000,"31",1.89,"Goalkeeper","right",2.32876712328767,"Eintracht Frankfurt","Bundesliga"," 1.55"," 4.83"," 3.40","70.50"," 0.40"," 0.30"," 0.30"," 0.13","12.50"," 0.20"," 0.13"," 0.03"," 0.05","16.70"," 1.55"," 0.13"," 0.00"," 0.25"," 0.03"," 1.48"," 0.28","-0.05"," 6.73","19.28","34.90","32.03"," 4.70","46.90","37.70"," 7.78","54.70","45.80"," 8.48"," 0.40"," 4.70"," 1.03","15.90"
"101","Keylor Navas",10000000,"35",1.85,"Goalkeeper","right",2.32876712328767,"Paris Saint-Germain","Ligue 1"," 1.12"," 4.75"," 3.63","77.10"," 0.56"," 0.22"," 0.25"," 0.22","21.20"," 0.06"," 0.03"," 0.03"," 0.00","50.00"," 1.12"," 0.03"," 0.03"," 0.12"," 0.00"," 1.18"," 0.24"," 0.07"," 3.26"," 6.83","47.70","22.54"," 5.00","24.10","30.10"," 7.17","19.50","25.80"," 7.79"," 0.25"," 3.20"," 0.65","13.40"
"102","Koen Casteels",14000000,"29",1.97,"Goalkeeper","left",2.32876712328767,"VfL Wolfsburg","Bundesliga"," 1.42"," 3.74"," 2.45","65.50"," 0.39"," 0.18"," 0.42"," 0.32","31.60"," 0.24"," 0.13"," 0.08"," 0.03","37.50"," 1.42"," 0.13"," 0.03"," 0.11"," 0.00"," 1.39"," 0.34","-0.03"," 7.16","16.29","43.90","31.68"," 4.68","38.20","36.00"," 7.29","57.40","47.40"," 8.61"," 0.58"," 6.70"," 0.92","15.10"
"103","Leandro Chichizola",500000,"31",1.82,"Goalkeeper","right",0.326027397260274,"AC Perugia Calcio","La Liga"," 1.74"," 5.59"," 4.00","70.90"," 0.15"," 0.19"," 0.67"," 0.15","14.80"," 0.11"," 0.11"," 0.00"," 0.00"," 0.00"," 1.74"," 0.11"," 0.04"," 0.19"," 0.04"," 1.71"," 0.29"," 0.00"," 6.37","16.33","39.00","30.93"," 5.33","40.60","37.00"," 6.11","61.80","50.40"," 8.48"," 1.19","14.00"," 1.26","16.20"
"104","Leonardo César Jardim",2500000,"26",1.88,"Goalkeeper","right",2.32876712328767,"LOSC Lille","Ligue 1"," 1.50"," 4.67"," 3.17","71.40"," 0.33"," 0.33"," 0.33"," 0.50","50.00"," 0.33"," 0.17"," 0.17"," 0.00","50.00"," 1.50"," 0.17"," 0.00"," 0.50"," 0.00"," 1.37"," 0.28","-0.13"," 4.50","12.00","37.50","18.83"," 4.50","43.40","36.00"," 7.17","53.50","44.70"," 9.17"," 0.50"," 5.50"," 0.83","15.50"
"105","Leopold Zingerle",500000,"27",1.85,"Goalkeeper","right",1.32602739726027,"SC Paderborn 07","Bundesliga"," 2.04"," 5.25"," 3.39","63.30"," 0.14"," 0.25"," 0.61"," 0.18","17.90"," 0.14"," 0.11"," 0.04"," 0.00","25.00"," 2.04"," 0.11"," 0.11"," 0.25"," 0.07"," 2.03"," 0.37"," 0.06"," 6.86","13.57","50.50","35.07"," 6.68","31.10","32.30"," 8.39","31.90","32.50"," 9.25"," 0.36"," 3.90"," 0.61","14.00"
"106","Lorenzo Montipò",3500000,"26",1.91,"Goalkeeper","right",3.32876712328767,"Hellas Verona","Serie A"," 1.78"," 4.31"," 2.67","60.60"," 0.31"," 0.31"," 0.39"," 0.11","11.10"," 0.11"," 0.08"," 0.03"," 0.00","25.00"," 1.78"," 0.08"," 0.00"," 0.28"," 0.14"," 1.44"," 0.32","-0.20"," 6.03","18.33","32.90","21.86"," 3.89","61.00","45.30"," 6.72","74.40","52.90"," 9.36"," 0.81"," 8.60"," 0.64","14.80"
"107","Loris Karius",1500000,"28",1.91,"Goalkeeper","right",0.326027397260274,"Liverpool FC","Premier League"," 0.74"," 2.16"," 1.47","70.70"," 0.58"," 0.26"," 0.16"," 0.53","52.60"," 0.16"," 0.11"," 0.05"," 0.00","33.30"," 0.74"," 0.11"," 0.00"," 0.16"," 0.00"," 0.83"," 0.33"," 0.09"," 4.37","13.11","33.30","27.26"," 5.68","36.30","35.80"," 5.37","59.80","50.10"," 7.79"," 0.63"," 8.10"," 0.63","14.70"
"108","Ludovic Butelle",200000,"38",1.88,"Goalkeeper","left",NA,"Red Star FC","Ligue 1"," 1.23"," 3.00"," 1.92","62.80"," 0.38"," 0.23"," 0.38"," 0.42","42.30"," 0.12"," 0.12"," 0.00"," 0.00"," 0.00"," 1.23"," 0.12"," 0.04"," 0.04"," 0.04"," 0.94"," 0.28","-0.25"," 5.73","14.77","38.80","18.96"," 4.38","47.50","39.80"," 7.81","73.90","52.50"," 7.12"," 0.58"," 8.10"," 0.81","14.90"
"109","Luigi Sepe",1400000,"30",1.85,"Goalkeeper","left",0.326027397260274,"US Salernitana 1919","Serie A"," 2.38"," 4.94"," 2.69","55.70"," 0.06"," 0.38"," 0.56"," 0.06"," 6.30"," 0.19"," 0.19"," 0.00"," 0.00"," 0.00"," 2.38"," 0.19"," 0.00"," 0.13"," 0.06"," 1.98"," 0.39","-0.34","10.38","20.00","51.90","32.31"," 4.31","48.00","40.10"," 7.31","61.50","47.90","11.50"," 0.50"," 4.30"," 0.31","12.80"
"110","Luís Maximiano",7000000,"23",1.9,"Goalkeeper","both",3.32876712328767,"Granada CF","La Liga"," 1.55"," 4.99"," 3.65","72.30"," 0.21"," 0.34"," 0.42"," 0.17","17.40"," 0.21"," 0.17"," 0.04"," 0.00","20.00"," 1.55"," 0.17"," 0.00"," 0.25"," 0.08"," 1.62"," 0.29"," 0.15"," 7.17","20.97","34.20","25.12"," 4.86","56.40","44.60"," 9.44","72.00","52.20","11.28"," 0.80"," 7.10"," 1.13","15.60"
"111","Lukáš Hrádecký",6000000,"32",1.92,"Goalkeeper","right",1.32602739726027,"Bayer 04 Leverkusen","Bundesliga"," 1.35"," 4.78"," 3.54","74.00"," 0.51"," 0.27"," 0.22"," 0.27","27.00"," 0.16"," 0.11"," 0.03"," 0.03","20.00"," 1.35"," 0.11"," 0.08"," 0.19"," 0.00"," 1.40"," 0.28"," 0.05"," 6.49","15.24","42.60","34.19"," 6.11","34.90","34.50"," 7.05","47.10","40.00"," 8.46"," 0.76"," 8.90"," 0.78","14.70"
"112","Lukasz Fabianski",1000000,"36",1.9,"Goalkeeper","right",0.326027397260274,"West Ham United","Premier League"," 1.26"," 3.92"," 2.72","69.90"," 0.49"," 0.21"," 0.31"," 0.26","25.60"," 0.10"," 0.08"," 0.03"," 0.00","25.00"," 1.26"," 0.08"," 0.03"," 0.13"," 0.10"," 1.26"," 0.30"," 0.10"," 6.95","17.05","40.80","19.26"," 3.77","57.70","45.30"," 7.72","77.10","55.90"," 8.85"," 0.56"," 6.40"," 0.23","12.20"
"113","Lukasz Skorupski",4000000,"30",1.87,"Goalkeeper","right",1.32602739726027,"Bologna FC 1909","Serie A"," 1.78"," 4.69"," 3.22","68.00"," 0.33"," 0.22"," 0.44"," 0.22","22.20"," 0.28"," 0.28"," 0.00"," 0.00"," 0.00"," 1.78"," 0.28"," 0.06"," 0.14"," 0.06"," 1.57"," 0.29","-0.16"," 5.92","13.25","44.70","26.81"," 5.11","41.50","36.40"," 7.22","29.60","28.00"," 8.58"," 0.58"," 6.80"," 0.33","12.20"
"114","Mamadou Samassa",300000,"32",1.98,"Goalkeeper","right",0.745205479452055,"Sri Pahang FC","Ligue 1"," 1.48"," 5.14"," 3.86","73.10"," 0.29"," 0.14"," 0.57"," 0.24","23.80"," 0.14"," 0.10"," 0.05"," 0.00","33.30"," 1.48"," 0.10"," 0.00"," 0.19"," 0.05"," 1.39"," 0.25"," 0.00"," 4.38","15.14","28.90","18.10"," 3.57","53.20","43.90"," 5.67","97.50","65.50","12.81"," 1.10"," 8.60"," 0.52","15.60"
"115","Manolo Reina",200000,"36",1.86,"Goalkeeper","right",0.326027397260274,"RCD Mallorca","La Liga"," 1.39"," 3.56"," 2.22","64.10"," 0.22"," 0.44"," 0.33"," 0.33","33.30"," 0.17"," 0.11"," 0.06"," 0.00","33.30"," 1.39"," 0.11"," 0.00"," 0.06"," 0.06"," 1.20"," 0.30","-0.13"," 5.94","16.61","35.80","21.83"," 3.67","54.20","44.20"," 8.44","56.60","43.50"," 8.94"," 0.56"," 6.20"," 0.61","15.00"
"116","Manuel Neuer",14000000,"35",1.93,"Goalkeeper","right",1.32602739726027,"Bayern Munich","Bundesliga","  0.92","  3.08","  2.13"," 70.10","  0.84","  0.05","  0.11","  0.42"," 42.10","  0.03","  0.00","  0.03","  0.00","100.00","  0.92","  0.00","  0.00","  0.05","  0.00","  0.83","  0.27"," -0.09","  5.97"," 10.55"," 56.60"," 36.18","  5.50"," 26.50"," 31.10","  5.66"," 16.70"," 28.40","  6.97","  0.47","  6.80","  1.42"," 19.20"
"117","Manuel Riemann",1000000,"33",1.86,"Goalkeeper","right",1.32602739726027,"VfL Bochum","Bundesliga","  1.35","  4.74","  3.48"," 71.60","  0.30","  0.22","  0.48","  0.26"," 26.10","  0.09","  0.00","  0.09","  0.00","100.00","  1.35","  0.00","  0.04","  0.17","  0.13","  1.59","  0.33","  0.37"," 17.57"," 37.22"," 47.20"," 43.96","  3.09"," 70.60"," 49.70","  8.17"," 75.50"," 53.70","  8.70","  1.04"," 12.00","  1.74"," 17.60"
"118","Marc-André ter Stegen",45000000,"29",1.87,"Goalkeeper","right",3.32876712328767,"FC Barcelona","La Liga"," 1.23"," 3.25"," 2.16","65.70"," 0.48"," 0.30"," 0.23"," 0.27","27.30"," 0.11"," 0.11"," 0.00"," 0.00"," 0.00"," 1.23"," 0.11"," 0.02"," 0.16"," 0.02"," 1.04"," 0.30","-0.16"," 5.32"," 9.55","55.70","30.75"," 4.11","24.60","29.80"," 5.80","34.10","33.30"," 6.02"," 0.43"," 7.20"," 0.50","14.90"
"119","Marc-Aurèle Caillard",800000,"27",1.91,"Goalkeeper","right",2.32876712328767,"FC Metz","Ligue 1"," 1.63"," 4.44"," 3.17","71.40"," 0.18"," 0.36"," 0.45"," 0.27","27.30"," 0.36"," 0.36"," 0.00"," 0.00"," 0.00"," 1.63"," 0.36"," 0.09"," 0.36"," 0.00"," 1.59"," 0.29","-0.05"," 6.07","15.23","39.90","15.77"," 4.71","48.30","40.90"," 8.43","90.30","63.00"," 7.70"," 0.54"," 7.10"," 0.54","14.10"
"120","Marco Bizot",5000000,"30",1.93,"Goalkeeper","right",2.32876712328767,"Stade Brestois 29","Ligue 1"," 1.41"," 4.41"," 3.07","68.90"," 0.33"," 0.30"," 0.37"," 0.19","18.50"," 0.04"," 0.04"," 0.00"," 0.00"," 0.00"," 1.41"," 0.04"," 0.00"," 0.22"," 0.07"," 1.16"," 0.26","-0.17"," 8.19","17.41","47.00","22.70"," 4.93","48.10","41.00"," 8.56","75.80","56.10"," 8.26"," 0.70"," 8.50"," 0.33","13.60"
"121","Marco Silvestri",6000000,"31",1.91,"Goalkeeper","right",2.32876712328767,"Udinese Calcio","Serie A"," 1.52"," 3.55"," 2.21","62.40"," 0.21"," 0.36"," 0.42"," 0.21","21.20"," 0.18"," 0.18"," 0.00"," 0.00"," 0.00"," 1.52"," 0.18"," 0.03"," 0.18"," 0.03"," 1.28"," 0.32","-0.20"," 5.97","17.00","35.10","21.48"," 2.67","56.70","42.90"," 7.73","62.40","46.90"," 7.42"," 0.36"," 4.90"," 0.15","11.90"
"122","Marco Sportiello",1500000,"29",1.92,"Goalkeeper","right",0.326027397260274,"Atalanta BC","Serie A"," 1.42"," 2.72"," 1.81","66.70"," 0.26"," 0.26"," 0.39"," 0.13","14.30"," 0.52"," 0.52"," 0.00"," 0.00"," 0.00"," 1.42"," 0.52"," 0.00"," 0.26"," 0.00"," 1.22"," 0.29","-0.21"," 3.36"," 8.92","37.70","19.27"," 3.62","30.90","31.80"," 4.53","65.70","49.80"," 5.04"," 0.52","10.30"," 1.42","16.60"
"123","Marcus Bettinelli",2500000,"29",1.93,"Goalkeeper","right",1.32602739726027,"Chelsea FC","Premier League"," 2.86"," 5.43"," 2.57","50.00"," 0.14"," 0.29"," 0.57"," 0.00"," 0.00"," 0.43"," 0.14"," 0.14"," 0.14","50.00"," 2.86"," 0.14"," 0.00"," 0.14"," 0.00"," 2.59"," 0.43","-0.27"," 9.86","21.00","46.90","25.29"," 4.71","52.00","42.20"," 9.57","82.10","57.40","10.71"," 0.86"," 8.00"," 0.71","14.40"
"124","Marius Funk",300000,"26",1.87,"Goalkeeper","right",0.326027397260274,"SpVgg Greuther Fürth","Bundesliga"," 3.75"," 6.50"," 3.25","46.20"," 0.00"," 0.00"," 1.00"," 0.00"," 0.00"," 0.25"," 0.25"," 0.00"," 0.00"," 0.00"," 3.75"," 0.25"," 0.00"," 0.50"," 0.25"," 3.05"," 0.44","-0.45"," 8.75","24.13","36.30","36.63"," 3.50","49.50","42.10"," 8.63","69.60","53.80"," 6.38"," 0.38"," 5.90"," 1.50","17.00"
"125","Mark Flekken",5500000,"28",1.94,"Goalkeeper","both",NA,"SC Freiburg","Bundesliga"," 1.00"," 4.31"," 3.46","79.50"," 0.46"," 0.31"," 0.23"," 0.31","30.80"," 0.15"," 0.12"," 0.00"," 0.04"," 0.00"," 1.00"," 0.12"," 0.04"," 0.12"," 0.04"," 1.25"," 0.27"," 0.28"," 9.31","21.58","43.10","33.31"," 3.73","46.10","42.10"," 8.08","77.10","63.10"," 9.35"," 0.54"," 5.80"," 0.77","14.90"
"126","Markus Schubert",1000000,"23",1.87,"Goalkeeper","right",2.32876712328767,"Vitesse Arnhem","Bundesliga"," 2.18"," 6.31"," 4.25","69.20"," 0.12"," 0.36"," 0.49"," 0.24","25.00"," 0.24"," 0.24"," 0.00"," 0.00"," 0.00"," 2.18"," 0.24"," 0.12"," 0.49"," 0.00"," 2.16"," 0.32","-0.02"," 6.67","21.47","31.10","31.17"," 3.52","52.90","42.10"," 7.28","68.30","51.00","10.80"," 0.73"," 6.70"," 0.61","12.80"
"127","Martin Dúbravka",5000000,"33",1.91,"Goalkeeper","right",3.32876712328767,"Newcastle United","Premier League"," 1.42"," 4.23"," 2.92","68.20"," 0.42"," 0.31"," 0.27"," 0.27","26.90"," 0.08"," 0.08"," 0.00"," 0.00"," 0.00"," 1.42"," 0.08"," 0.00"," 0.15"," 0.08"," 1.49"," 0.34"," 0.15"," 7.65","17.85","42.90","23.38"," 4.19","45.20","39.60"," 9.65","75.30","55.40","10.65"," 0.88"," 8.30"," 0.38","12.10"
"128","Marwin Hitz",1000000,"34",1.94,"Goalkeeper","right",1.32602739726027,"Borussia Dortmund","Bundesliga"," 1.62"," 3.69"," 2.46","66.70"," 0.46"," 0.15"," 0.38"," 0.23","23.10"," 0.38"," 0.38"," 0.00"," 0.00"," 0.00"," 1.62"," 0.38"," 0.00"," 0.15"," 0.08"," 1.62"," 0.34"," 0.08"," 5.23","11.85","44.20","26.54"," 4.46","29.60","33.30"," 8.31","48.10","41.70"," 8.77"," 0.62"," 7.00"," 0.31","13.50"
"129","Mathew Ryan",5000000,"29",1.84,"Goalkeeper","right",1.32602739726027,"Real Sociedad","La Liga"," 1.63"," 4.13"," 3.00","72.70"," 0.38"," 0.25"," 0.38"," 0.25","25.00"," 0.63"," 0.50"," 0.00"," 0.13"," 0.00"," 1.63"," 0.50"," 0.00"," 0.38"," 0.00"," 1.68"," 0.26"," 0.05"," 5.25","12.75","41.20","25.13"," 5.50","37.80","35.80"," 5.63","57.80","44.90"," 9.13"," 1.13","12.30"," 0.50","14.20"
"130","Mathieu Michel",600000,"30",1.89,"Goalkeeper","right",1.32602739726027,"Chamois Niortais FC","Ligue 1"," 1.96"," 4.07"," 2.56","59.30"," 0.15"," 0.30"," 0.45"," 0.15","16.70"," 0.30"," 0.30"," 0.00"," 0.00"," 0.00"," 1.96"," 0.30"," 0.00"," 0.00"," 0.15"," 1.36"," 0.27","-0.45"," 5.13","12.06","42.50","15.53"," 4.37","48.50","40.10"," 5.13","88.20","61.30"," 8.89"," 0.15"," 1.70"," 0.30","16.00"
"131","Matías Dituro",1000000,"34",1.91,"Goalkeeper","right",0.326027397260274,"Celta de Vigo","La Liga"," 1.08"," 3.69"," 2.65","71.90"," 0.31"," 0.31"," 0.38"," 0.38","38.50"," 0.15"," 0.04"," 0.12"," 0.00","75.00"," 1.08"," 0.04"," 0.00"," 0.04"," 0.00"," 1.28"," 0.31"," 0.20"," 9.54","21.81","43.70","30.65"," 3.35","52.90","43.70"," 7.42","75.10","55.90"," 7.54"," 0.96","12.80"," 0.88","15.40"
"132","Matthieu Dreyer",300000,"32",1.88,"Goalkeeper","right",1.32602739726027,"FC Lorient","Ligue 1"," 1.40"," 3.20"," 2.00","62.50"," 0.30"," 0.30"," 0.40"," 0.40","40.00"," 0.20"," 0.20"," 0.00"," 0.00"," 0.00"," 1.40"," 0.20"," 0.00"," 0.10"," 0.00"," 1.20"," 0.34","-0.20"," 6.10","15.50","39.40","19.20"," 2.20","46.90","40.00"," 8.00","81.30","53.60"," 7.40"," 0.00"," 0.00"," 0.30","12.70"
"133","Mattia Perin",4000000,"29",1.88,"Goalkeeper","right",0.326027397260274,"Juventus FC","Serie A"," 1.43"," 4.50"," 3.36","73.00"," 0.43"," 0.21"," 0.36"," 0.29","30.80"," 0.21"," 0.21"," 0.00"," 0.00"," 0.00"," 1.43"," 0.21"," 0.00"," 0.07"," 0.07"," 1.64"," 0.32"," 0.28"," 5.07","13.57","37.40","23.36"," 4.29","45.60","39.20"," 7.43","39.40","35.80"," 8.21"," 0.50"," 6.10"," 0.14","11.70"
"134","Matz Sels",6500000,"30",1.88,"Goalkeeper","right",2.32876712328767,"RC Strasbourg Alsace","Ligue 1"," 1.42"," 3.61"," 2.39","65.20"," 0.39"," 0.29"," 0.32"," 0.26","25.80"," 0.16"," 0.16"," 0.00"," 0.00"," 0.00"," 1.42"," 0.16"," 0.03"," 0.23"," 0.03"," 1.26"," 0.32","-0.13"," 5.55","13.35","41.50","19.55"," 3.61","48.80","39.50"," 6.58","57.80","47.60"," 7.45"," 0.71"," 9.50"," 0.48","13.60"
"135","Mauro Goicoechea",250000,"33",1.86,"Goalkeeper","right",NA,"Club Atlético Boston River","Ligue 1"," 1.52"," 4.42"," 3.03","68.60"," 0.25"," 0.38"," 0.25"," 0.38","42.90"," 0.13"," 0.13"," 0.00"," 0.00"," 0.00"," 1.52"," 0.13"," 0.13"," 0.13"," 0.00"," 1.26"," 0.26","-0.25"," 6.57","17.44","37.70","23.01"," 4.68","49.50","40.90"," 9.10","66.70","52.20","10.62"," 0.63"," 6.00"," 0.38","12.30"
"136","Maxime Dupé",1000000,"29",1.88,"Goalkeeper","right",1.32602739726027,"FC Toulouse","Ligue 1"," 1.63"," 2.97"," 1.53","51.60"," 0.48"," 0.29"," 0.19"," 0.10","10.00"," 0.29"," 0.19"," 0.10"," 0.00","33.30"," 1.63"," 0.19"," 0.19"," 0.19"," 0.00"," 1.23"," 0.35","-0.40"," 6.81","18.79","36.20","20.13"," 3.64","55.20","44.50"," 8.72","87.90","64.40"," 8.82"," 0.38"," 4.30"," 0.58","16.00"
"137","Michael Esser",500000,"34",1.98,"Goalkeeper","right",1.32602739726027,"VfL Bochum","Bundesliga"," 2.06"," 6.53"," 4.66","70.80"," 0.16"," 0.19"," 0.66"," 0.16","15.60"," 0.19"," 0.16"," 0.03"," 0.00","16.70"," 2.06"," 0.16"," 0.03"," 0.38"," 0.03"," 1.83"," 0.26","-0.20"," 9.78","20.41","47.90","29.59"," 4.41","51.20","40.70"," 8.88","59.20","46.30","11.03"," 0.53"," 4.80"," 0.88","15.00"
"138","Mike Maignan",25000000,"26",1.91,"Goalkeeper","right",4.32876712328767,"AC Milan","Serie A"," 0.94"," 3.68"," 2.88","76.80"," 0.56"," 0.24"," 0.21"," 0.41","41.20"," 0.15"," 0.09"," 0.03"," 0.03","25.00"," 0.94"," 0.09"," 0.00"," 0.18"," 0.09"," 1.00"," 0.25"," 0.15"," 4.74","11.53","41.10","27.24"," 5.18","33.00","34.30"," 5.41","46.70","43.00"," 7.79"," 0.68"," 8.70"," 0.85","15.40"
"139","Neil Etheridge",1500000,"32",1.88,"Goalkeeper","right",2.32876712328767,"Birmingham City","Premier League"," 1.82"," 5.29"," 3.55","67.70"," 0.26"," 0.11"," 0.63"," 0.26","26.30"," 0.18"," 0.11"," 0.08"," 0.00","42.90"," 1.82"," 0.11"," 0.03"," 0.34"," 0.00"," 1.82"," 0.32"," 0.01"," 8.92","29.50","30.20","23.29"," 1.34","90.80","61.80"," 8.42","99.10","70.30"," 7.63"," 0.50"," 6.60"," 1.08","15.80"
"140","Neto",4000000,"32",1.9,"Goalkeeper","right",1.32602739726027,"FC Barcelona","La Liga"," 0.86"," 3.00"," 2.29","81.00"," 0.43"," 0.29"," 0.29"," 0.43","42.90"," 0.29"," 0.29"," 0.00"," 0.00"," 0.00"," 0.86"," 0.29"," 0.00"," 0.14"," 0.00"," 0.96"," 0.24"," 0.10"," 3.14"," 6.71","46.80","26.57"," 5.14","21.00","27.60"," 7.57","15.10","24.40"," 9.14"," 0.57"," 6.30"," 0.57","15.00"
"141","Nícolas Andrade",450000,"33",1.9,"Goalkeeper","right",1.32602739726027,"Pisa Sporting Club","Serie A"," 1.97"," 6.42"," 4.64","71.90"," 0.19"," 0.11"," 0.69"," 0.19","19.40"," 0.22"," 0.17"," 0.06"," 0.00","25.00"," 1.97"," 0.17"," 0.11"," 0.25"," 0.06"," 2.09"," 0.30"," 0.17","10.31","25.12","41.00","27.65"," 6.17","59.20","44.50","10.06","87.00","59.90","12.95"," 1.33","10.30"," 0.61","13.90"
"142","Niki Mäenpää",200000,"37",1.91,"Goalkeeper","right",1.32602739726027,"Venezia FC","Serie A"," 1.64"," 3.27"," 2.00","61.10"," 0.00"," 0.36"," 0.55"," 0.00"," 0.00"," 0.55"," 0.36"," 0.00"," 0.18"," 0.00"," 1.64"," 0.36"," 0.00"," 0.00"," 0.00"," 1.45"," 0.36","-0.18"," 3.27","10.91","30.00","23.45"," 5.64","38.00","35.70"," 7.09","28.20","29.20"," 9.64"," 0.55"," 5.70"," 0.18","11.90"
"143","Oier Olazábal",300000,"32",1.89,"Goalkeeper","left",0.326027397260274,"RCD Espanyol Barcelona","La Liga"," 1.90"," 6.38"," 4.71","73.10"," 0.33"," 0.24"," 0.43"," 0.24","23.80"," 0.24"," 0.19"," 0.05"," 0.00","20.00"," 1.90"," 0.19"," 0.05"," 0.24"," 0.05"," 2.00"," 0.29"," 0.14"," 6.76","16.57","40.80","16.48"," 4.52","56.60","45.00","10.43","69.40","51.50","11.76"," 1.00"," 8.50"," 0.43","12.60"
"144","Oliver Baumann",5000000,"31",1.87,"Goalkeeper","right",2.32876712328767,"TSG 1899 Hoffenheim","Bundesliga"," 1.41"," 4.13"," 2.84","67.40"," 0.44"," 0.22"," 0.34"," 0.25","25.00"," 0.13"," 0.06"," 0.03"," 0.03","33.30"," 1.41"," 0.06"," 0.00"," 0.28"," 0.06"," 1.40"," 0.33"," 0.06"," 4.66","13.56","34.30","40.66"," 5.53","28.70","31.50"," 5.94","31.60","30.70"," 8.25"," 0.72"," 8.70"," 1.25","15.30"
"145","Orestis Karnezis",500000,"36",1.9,"Goalkeeper","right",1.32602739726027,"LOSC Lille B","Serie A"," 0.78"," 2.78"," 2.11","76.00"," 0.67"," 0.22"," 0.11"," 0.44","44.40"," 0.11"," 0.11"," 0.00"," 0.00"," 0.00"," 0.78"," 0.11"," 0.00"," 0.00"," 0.00"," 0.92"," 0.30"," 0.14"," 3.67","11.33","32.40","19.78"," 3.78","37.60","34.30"," 6.33","61.40","49.90"," 7.33"," 0.33"," 4.50"," 0.11","11.70"
"146","Ouparine Djoco",400000,"23",1.88,"Goalkeeper","right",3.32876712328767,"Clermont Foot 63","Ligue 1"," 1.23"," 3.54"," 2.46","67.40"," 0.31"," 0.23"," 0.46"," 0.31","30.80"," 0.08"," 0.08"," 0.00"," 0.00"," 0.00"," 1.23"," 0.08"," 0.00"," 0.31"," 0.15"," 1.08"," 0.29"," 0.01"," 5.38","15.69","34.30","24.23"," 3.85","47.30","39.60"," 6.77","62.50","43.70"," 7.77"," 0.38"," 5.00"," 0.85","14.00"
"147","Pau López",10000000,"27",1.89,"Goalkeeper","left",4.32876712328767,"Olympique Marseille","Ligue 1"," 1.07"," 3.43"," 2.47","71.90"," 0.40"," 0.35"," 0.27"," 0.38","36.80"," 0.13"," 0.11"," 0.03"," 0.00","20.00"," 1.07"," 0.11"," 0.03"," 0.16"," 0.03"," 1.23"," 0.33"," 0.19"," 4.83","11.05","43.70","35.36"," 4.91","25.60","30.00"," 5.58","35.60","34.30"," 5.90"," 0.70","11.80"," 0.97","16.60"
"148","Paul Bernardoni",10000000,"24",1.9,"Goalkeeper","left",0.326027397260274,"AS Saint-Étienne","Ligue 1"," 1.50"," 3.47"," 2.17","63.50"," 0.27"," 0.27"," 0.47"," 0.23","23.30"," 0.23"," 0.23"," 0.00"," 0.00"," 0.00"," 1.50"," 0.23"," 0.07"," 0.40"," 0.00"," 1.30"," 0.32","-0.20"," 4.50","12.67","35.50","20.97"," 6.40","39.40","36.90"," 7.27","60.60","47.20"," 8.20"," 1.00","12.20"," 0.63","14.40"
"149","Paul Nardi",3000000,"27",1.88,"Goalkeeper","right",1.32602739726027,"FC Lorient","Ligue 1"," 1.67"," 4.04"," 2.63","63.30"," 0.22"," 0.33"," 0.44"," 0.19","18.50"," 0.26"," 0.19"," 0.04"," 0.04","16.70"," 1.67"," 0.19"," 0.15"," 0.11"," 0.07"," 1.36"," 0.31","-0.23"," 3.48","14.33","24.30","16.33"," 3.33","51.00","43.20"," 8.41","71.40","56.20"," 8.89"," 0.33"," 3.80"," 0.30","13.20"
"150","Paulo Gazzaniga",3000000,"30",1.96,"Goalkeeper","right",1.32602739726027,"Fulham FC","Championship"," 1.13"," 2.63"," 1.75","61.90"," 0.38"," 0.13"," 0.50"," 0.25","25.00"," 0.13"," 0.13"," 0.00"," 0.00"," 0.00"," 1.13"," 0.13"," 0.00"," 0.38"," 0.13"," 0.94"," 0.32","-0.06"," 7.63","20.13","37.90","22.38"," 3.00","60.30","50.40"," 8.00","82.80","65.50"," 7.38"," 0.63"," 8.50"," 0.13","11.20"
"151","Pavao Pervan",600000,"34",1.94,"Goalkeeper","both",2.32876712328767,"VfL Wolfsburg","Bundesliga"," 1.00"," 4.50"," 3.63","80.60"," 0.25"," 0.50"," 0.25"," 0.38","37.50"," 0.13"," 0.13"," 0.00"," 0.00"," 0.00"," 1.00"," 0.13"," 0.00"," 0.00"," 0.00"," 1.15"," 0.25"," 0.15"," 6.75","16.75","40.30","25.63"," 4.75","49.30","39.90"," 7.75","53.20","46.20"," 9.13"," 0.38"," 4.10"," 0.75","15.00"
"152","Pepe Reina",800000,"39",1.88,"Goalkeeper","right",0.326027397260274,"SS Lazio","Serie A"," 1.93"," 3.67"," 2.11","57.60"," 0.48"," 0.15"," 0.37"," 0.19","18.50"," 0.41"," 0.37"," 0.00"," 0.04"," 0.00"," 1.93"," 0.37"," 0.00"," 0.15"," 0.04"," 1.50"," 0.32","-0.39"," 6.67","11.67","57.10","29.44"," 4.56","33.50","33.40"," 5.78","31.40","30.80"," 7.96"," 0.44"," 5.60"," 0.52","14.00"
"153","Péter Gulácsi",11000000,"31",1.9,"Goalkeeper","right",3.32876712328767,"RB Leipzig","Bundesliga"," 1.31"," 3.31"," 2.17","65.50"," 0.43"," 0.24"," 0.33"," 0.24","23.80"," 0.19"," 0.17"," 0.00"," 0.02"," 0.00"," 1.31"," 0.17"," 0.00"," 0.24"," 0.05"," 1.20"," 0.33","-0.06"," 4.50","10.60","42.50","29.69"," 4.31","30.10","32.00"," 5.38","31.00","31.90"," 6.12"," 0.33"," 5.40"," 1.38","18.10"
"154","Philipp Tschauner",300000,"36",1.96,"Goalkeeper","right",0.326027397260274,"RB Leipzig","Bundesliga"," 1.45"," 4.90"," 3.45","71.70"," 0.29"," 0.29"," 0.42"," 0.16","16.10"," 0.10"," 0.06"," 0.00"," 0.03"," 0.00"," 1.45"," 0.06"," 0.03"," 0.39"," 0.00"," 1.54"," 0.31"," 0.08"," 8.74","18.68","46.80","27.48"," 4.84","49.30","38.80"," 8.13","63.10","45.70"," 9.58"," 0.32"," 3.40"," 0.68","15.30"
"155","Pierluigi Gollini",13000000,"26",1.94,"Goalkeeper","right",0.326027397260274,"Tottenham Hotspur","Premier League"," 1.08"," 1.95"," 1.19","61.10"," 0.76"," 0.22"," 0.11"," 0.43","40.00"," 0.32"," 0.32"," 0.00"," 0.00"," 0.00"," 1.08"," 0.32"," 0.00"," 0.00"," 0.00"," 0.92"," 0.32","-0.16"," 3.57","10.18","35.10","23.72"," 3.68","27.40","34.00"," 5.20","70.80","55.40"," 4.98"," 0.43"," 8.70"," 0.97","18.20"
"156","Pietro Terracciano",1000000,"31",1.93,"Goalkeeper","right",1.32602739726027,"ACF Fiorentina","Serie A"," 1.40"," 3.24"," 2.02","58.10"," 0.44"," 0.18"," 0.31"," 0.26","28.60"," 0.13"," 0.04"," 0.09"," 0.00","66.70"," 1.40"," 0.04"," 0.00"," 0.13"," 0.13"," 1.17"," 0.33","-0.10"," 9.03","17.09","52.80","39.35"," 4.16","36.10","34.80"," 5.65","51.20","42.10"," 6.88"," 0.53"," 7.60"," 0.92","15.90"
"157","Predrag Rajkovic",9000000,"26",1.92,"Goalkeeper","right",1.32602739726027,"Stade Reims","Ligue 1"," 1.25"," 3.94"," 2.86","72.50"," 0.22"," 0.42"," 0.36"," 0.31","30.60"," 0.22"," 0.17"," 0.03"," 0.03","14.30"," 1.25"," 0.17"," 0.06"," 0.25"," 0.00"," 1.32"," 0.30"," 0.07"," 5.42","15.47","35.00","27.50"," 4.89","41.80","38.90"," 7.58","52.40","43.40"," 9.03"," 0.78"," 8.60"," 1.11","16.00"
"158","Przemyslaw Tyton",300000,"35",1.95,"Goalkeeper","right",NA,"Without Club","MLS"," 2.45"," 6.09"," 3.64","60.90"," 0.07"," 0.14"," 0.77"," 0.14","14.30"," 0.07"," 0.07"," 0.00"," 0.00"," 0.00"," 2.45"," 0.07"," 0.14"," 0.35"," 0.00"," 2.06"," 0.34","-0.39"," 3.78"," 8.96","42.20","20.37"," 4.06","25.80","30.60"," 8.89","41.70","37.10"," 9.24"," 0.56"," 6.10"," 0.63","14.30"
"159","Rafal Gikiewicz",1500000,"34",1.9,"Goalkeeper","right",1.32602739726027,"FC Augsburg","Bundesliga"," 1.67"," 4.75"," 3.17","66.70"," 0.25"," 0.25"," 0.50"," 0.25","25.00"," 0.11"," 0.08"," 0.00"," 0.03"," 0.00"," 1.67"," 0.08"," 0.00"," 0.11"," 0.08"," 1.48"," 0.30","-0.10"," 7.72","19.50","39.60","28.36"," 4.64","47.90","40.20"," 8.39","70.50","52.50"," 9.47"," 0.67"," 7.00"," 1.03","15.70"
"160","Ralf Fährmann",500000,"33",1.97,"Goalkeeper","right",3.32876712328767,"FC Schalke 04","2. Bundesliga"," 2.14"," 7.43"," 5.43","73.10"," 0.29"," 0.00"," 0.71"," 0.14","14.30"," 0.29"," 0.14"," 0.14"," 0.00","50.00"," 2.14"," 0.14"," 0.14"," 0.43"," 0.00"," 1.90"," 0.22","-0.24"," 6.86","21.29","32.20","32.14"," 6.71","48.00","39.70"," 7.86","74.50","50.80","13.14"," 0.71"," 5.40"," 0.86","14.50"
"161","Raúl Lizoain",300000,"31",1.88,"Goalkeeper","left",0.326027397260274,"CD Mirandés","La Liga"," 2.45"," 5.55"," 3.27","59.00"," 0.09"," 0.18"," 0.73"," 0.09"," 9.10"," 0.18"," 0.18"," 0.00"," 0.00"," 0.00"," 2.45"," 0.18"," 0.00"," 0.27"," 0.00"," 1.99"," 0.34","-0.46"," 3.45"," 8.09","42.70","22.00"," 4.18","25.60","29.90"," 4.27","57.40","43.30"," 9.82"," 0.82"," 8.30"," 0.36","14.50"
"162","Régis Gurtner",500000,"35",1.82,"Goalkeeper","right",1.32602739726027,"Amiens SC","Ligue 1"," 1.79"," 5.00"," 3.29","65.00"," 0.14"," 0.39"," 0.46"," 0.18","17.90"," 0.04"," 0.04"," 0.00"," 0.00"," 0.00"," 1.79"," 0.04"," 0.04"," 0.46"," 0.04"," 1.46"," 0.29","-0.29"," 8.25","18.61","44.30","20.25"," 3.39","55.70","43.60"," 9.07","80.70","55.40"," 9.61"," 0.54"," 5.60"," 0.39","13.70"
"163","Rob Elliot",200000,"35",1.9,"Goalkeeper","left",1.32602739726027,"Watford FC","Premier League"," 1.31"," 4.00"," 2.81","68.80"," 0.31"," 0.13"," 0.56"," 0.19","18.80"," 0.13"," 0.06"," 0.06"," 0.00","50.00"," 1.31"," 0.06"," 0.00"," 0.19"," 0.06"," 1.28"," 0.30"," 0.03","10.44","24.13","43.30","23.63"," 3.06","67.70","50.00"," 9.94","81.80","59.70","11.75"," 0.75"," 6.40"," 0.44","12.20"
"164","Robert Sánchez",11000000,"24",1.97,"Goalkeeper","right",3.32876712328767,"Brighton & Hove Albion","Premier League"," 1.13"," 3.71"," 2.61","70.90"," 0.29"," 0.39"," 0.32"," 0.29","28.90"," 0.08"," 0.05"," 0.00"," 0.03"," 0.00"," 1.13"," 0.05"," 0.00"," 0.16"," 0.00"," 1.16"," 0.30"," 0.03"," 6.00","16.35","36.70","36.83"," 4.00","34.30","36.30"," 6.05","61.30","50.20"," 8.27"," 0.84","10.20"," 0.82","14.50"
"165","Roberto Santamaría",100000,"37",1.83,"Goalkeeper","right",0.326027397260274,"SD Amorebieta","La Liga"," 1.50"," 4.45"," 3.20","73.00"," 0.25"," 0.35"," 0.40"," 0.30","30.00"," 0.30"," 0.30"," 0.00"," 0.00"," 0.00"," 1.50"," 0.30"," 0.05"," 0.00"," 0.05"," 1.63"," 0.32"," 0.18","10.75","24.65","43.60","20.90"," 2.00","79.90","56.90"," 8.40","94.60","67.40","10.00"," 0.65"," 6.50"," 0.40","13.70"
"166","Robin Olsen",2000000,"32",1.96,"Goalkeeper","right",0.326027397260274,"Aston Villa","Serie A"," 1.29"," 3.86"," 2.57","70.40"," 0.29"," 0.43"," 0.29"," 0.29","28.60"," 0.14"," 0.14"," 0.00"," 0.00"," 0.00"," 1.29"," 0.14"," 0.00"," 0.00"," 0.00"," 1.36"," 0.33"," 0.07"," 7.14","14.86","48.10","21.14"," 3.00","49.30","41.10"," 7.29","60.80","46.30"," 7.29"," 0.57"," 7.80"," 0.14","11.00"
"167","Robin Zentner",5000000,"27",1.95,"Goalkeeper","right",1.32602739726027,"1.FSV Mainz 05","Bundesliga"," 1.13"," 3.41"," 2.38","69.70"," 0.47"," 0.22"," 0.31"," 0.31","31.30"," 0.13"," 0.09"," 0.03"," 0.00","25.00"," 1.13"," 0.09"," 0.00"," 0.03"," 0.03"," 1.06"," 0.29","-0.03"," 4.88","14.06","34.70","23.38"," 5.53","42.90","39.40"," 8.00","50.40","44.10"," 9.00"," 0.94","10.40"," 1.00","16.00"
"168","Roman Bürki",1800000,"31",1.87,"Goalkeeper","right",1.32602739726027,"Borussia Dortmund","Bundesliga"," 1.62"," 4.81"," 3.41","70.80"," 0.49"," 0.11"," 0.38"," 0.22","22.20"," 0.22"," 0.22"," 0.00"," 0.00"," 0.00"," 1.62"," 0.22"," 0.00"," 0.32"," 0.00"," 1.37"," 0.26","-0.25"," 4.97","10.86","45.80","28.11"," 5.73","30.80","32.50"," 5.89","37.60","36.30"," 6.54"," 0.49"," 7.40"," 0.32","13.40"
"169","Ron-Robert Zieler",700000,"33",1.88,"Goalkeeper","right",1.32602739726027,"Hannover 96","Bundesliga"," 2.06"," 5.24"," 3.35","61.80"," 0.21"," 0.21"," 0.59"," 0.18","17.60"," 0.09"," 0.06"," 0.00"," 0.03"," 0.00"," 2.06"," 0.06"," 0.06"," 0.18"," 0.15"," 1.74"," 0.33","-0.18"," 7.24","21.94","33.00","26.71"," 3.65","58.60","45.20"," 8.82","71.30","57.60"," 9.12"," 0.38"," 4.20"," 1.00","16.00"
"170","Rubén",200000,"37",1.87,"Goalkeeper","right",NA,"Without Club","La Liga"," 1.36"," 2.90"," 1.65","58.80"," 0.28"," 0.51"," 0.23"," 0.28","27.80"," 0.17"," 0.17"," 0.00"," 0.00"," 0.00"," 1.36"," 0.17"," 0.06"," 0.06"," 0.00"," 1.10"," 0.34","-0.27"," 8.53","22.97","37.10","21.72"," 3.41","73.60","52.70"," 8.13","86.00","61.90"," 9.49"," 0.68"," 7.20"," 0.40","13.80"
"171","Rubén Blanco",3500000,"26",1.88,"Goalkeeper","right",1.32602739726027,"Celta de Vigo","La Liga"," 1.48"," 3.30"," 1.87","56.70"," 0.38"," 0.33"," 0.33"," 0.22","21.10"," 0.06"," 0.06"," 0.00"," 0.00"," 0.00"," 1.48"," 0.06"," 0.06"," 0.11"," 0.00"," 1.25"," 0.37","-0.23"," 6.10","16.38","37.20","28.59"," 4.45","40.20","36.20"," 7.92","61.80","46.30"," 8.19"," 0.49"," 6.00"," 0.66","14.90"
"172","Rubén Yáñez",1500000,"28",1.88,"Goalkeeper","right",1.32602739726027,"Getafe CF","La Liga"," 1.20"," 3.00"," 1.90","63.30"," 0.30"," 0.30"," 0.40"," 0.40","40.00"," 0.10"," 0.10"," 0.00"," 0.00"," 0.00"," 1.20"," 0.10"," 0.00"," 0.00"," 0.00"," 1.16"," 0.35","-0.04"," 8.90","20.30","43.80","20.80"," 2.90","70.20","48.70"," 6.80","83.80","61.10"," 7.20"," 0.50"," 6.90"," 0.70","15.20"
"173","Rui Patrício",8000000,"34",1.9,"Goalkeeper","left",2.32876712328767,"AS Roma","Serie A"," 1.26"," 3.79"," 2.61","69.40"," 0.45"," 0.18"," 0.37"," 0.37","36.80"," 0.13"," 0.11"," 0.03"," 0.00","20.00"," 1.26"," 0.11"," 0.03"," 0.16"," 0.05"," 1.15"," 0.27","-0.07"," 5.13","11.32","45.30","19.98"," 4.08","43.20","37.10"," 6.45","41.60","35.80"," 7.95"," 0.16"," 2.00"," 0.37","12.20"
"174","Rui Silva",14000000,"28",1.91,"Goalkeeper","left",4.32876712328767,"Real Betis Balompié","La Liga"," 1.48"," 3.52"," 2.38","65.80"," 0.42"," 0.12"," 0.45"," 0.24","24.20"," 0.30"," 0.27"," 0.03"," 0.00","10.00"," 1.48"," 0.27"," 0.00"," 0.12"," 0.06"," 1.28"," 0.30","-0.14"," 7.08","17.37","40.70","24.75"," 3.43","49.50","41.00"," 7.65","66.90","51.80"," 8.55"," 0.42"," 4.90"," 0.93","15.30"
"175","Rune Jarstein",400000,"37",1.92,"Goalkeeper","right",1.32602739726027,"Hertha BSC","Bundesliga"," 1.63"," 3.88"," 2.50","61.30"," 0.25"," 0.13"," 0.63"," 0.13","12.50"," 0.25"," 0.13"," 0.13"," 0.00","50.00"," 1.63"," 0.13"," 0.00"," 0.25"," 0.13"," 1.26"," 0.28","-0.24"," 7.50","19.13","39.20","26.25"," 3.13","51.00","41.70"," 9.25","62.20","47.90"," 9.38"," 0.88"," 9.30"," 0.50","12.80"
"176","Salvatore Sirigu",1500000,"35",1.92,"Goalkeeper","right",0.326027397260274,"Genoa CFC","Serie A"," 1.89"," 5.00"," 3.29","65.80"," 0.08"," 0.45"," 0.47"," 0.21","21.10"," 0.24"," 0.18"," 0.03"," 0.03","12.50"," 1.89"," 0.18"," 0.08"," 0.26"," 0.05"," 1.58"," 0.29","-0.26"," 7.76","18.11","42.90","26.03"," 3.05","50.30","39.90"," 7.87","63.90","45.50"," 9.03"," 0.55"," 6.10"," 0.42","12.90"
"177","Sam Johnstone",8000000,"28",1.93,"Goalkeeper","right",0.326027397260274,"West Bromwich Albion","Championship"," 1.82"," 6.82"," 5.18","77.30"," 0.18"," 0.27"," 0.55"," 0.18","18.20"," 0.45"," 0.27"," 0.09"," 0.09","25.00"," 1.82"," 0.27"," 0.18"," 0.55"," 0.00"," 2.01"," 0.26"," 0.19"," 9.36","28.18","33.20","27.64"," 4.73","75.30","54.30"," 8.18","90.00","63.50"," 7.73"," 0.64"," 8.20"," 0.64","15.00"
"178","Samir Handanovic",2500000,"37",1.93,"Goalkeeper","right",0.326027397260274,"Inter Milan","Serie A"," 0.82"," 2.82"," 2.13","74.80"," 0.64"," 0.22"," 0.16"," 0.42","41.30"," 0.13"," 0.11"," 0.02"," 0.00","16.70"," 0.82"," 0.11"," 0.02"," 0.09"," 0.04"," 0.70"," 0.22","-0.08"," 4.89"," 8.58","57.00","28.04"," 4.13","26.40","29.00"," 4.18","28.20","30.50"," 6.58"," 0.33"," 5.10"," 0.22","12.30"
"179","Sascha Burchert",450000,"32",1.87,"Goalkeeper","right",0.326027397260274,"SpVgg Greuther Fürth","Bundesliga"," 2.00"," 5.15"," 3.31","64.20"," 0.15"," 0.31"," 0.54"," 0.23","23.10"," 0.15"," 0.15"," 0.00"," 0.00"," 0.00"," 2.00"," 0.15"," 0.08"," 0.31"," 0.15"," 1.64"," 0.31","-0.21"," 9.31","24.31","38.30","30.38"," 3.23","57.00","45.40"," 8.54","82.00","57.30","10.31"," 0.54"," 5.20"," 1.31","16.30"
"180","Saturnin Allagbé",700000,"28",1.87,"Goalkeeper","right",2.32876712328767,"Dijon FCO","Ligue 2"," 2.75"," 5.50"," 2.88","52.30"," 0.25"," 0.00"," 0.75"," 0.25","25.00"," 0.25"," 0.13"," 0.13"," 0.00","50.00"," 2.75"," 0.13"," 0.00"," 0.38"," 0.13"," 1.93"," 0.31","-0.70"," 7.50","19.75","38.00","24.75"," 6.25","52.00","40.20"," 9.63","71.40","50.20"," 8.75"," 0.50"," 5.70"," 1.00","14.10"
"181","Sebastian Breza",150000,"23",1.96,"Goalkeeper","right",0.83013698630137,"CF Montréal","Major League Soccer"," 1.20"," 3.50"," 2.40","68.60"," 0.30"," 0.20"," 0.50"," 0.20","20.00"," 0.10"," 0.10"," 0.00"," 0.00"," 0.00"," 1.20"," 0.10"," 0.00"," 0.00"," 0.00"," 1.14"," 0.30","-0.06"," 2.60"," 6.80","38.20","22.60"," 4.60","17.70","26.10"," 8.00","35.00","28.50"," 6.40"," 0.30"," 4.70"," 0.90","14.00"
"182","Sergio Asenjo",5000000,"32",1.89,"Goalkeeper","right",0.326027397260274,"Villarreal CF","La Liga"," 1.14"," 3.57"," 2.64","74.00"," 0.71"," 0.07"," 0.21"," 0.36","35.70"," 0.36"," 0.21"," 0.07"," 0.07","25.00"," 1.14"," 0.21"," 0.00"," 0.14"," 0.00"," 1.10"," 0.25","-0.04"," 5.21","12.50","41.70","29.50"," 4.64","26.60","30.80"," 9.29","50.00","43.50","12.79"," 0.93"," 7.30"," 0.64","14.00"
"183","Sergio Rico",5000000,"28",1.95,"Goalkeeper","right",0.326027397260274,"RCD Mallorca","La Liga"," 1.78"," 4.29"," 2.66","62.10"," 0.44"," 0.00"," 0.44"," 0.00"," 0.00"," 0.15"," 0.15"," 0.00"," 0.00"," 0.00"," 1.78"," 0.15"," 0.00"," 0.30"," 0.00"," 1.58"," 0.37","-0.19"," 5.18","10.95","47.30","20.58"," 4.29","40.30","37.20"," 5.33","50.00","43.20"," 8.59"," 0.44"," 5.20"," 0.30","13.20"
"184","Sergio Romero",1000000,"35",1.92,"Goalkeeper","right",0.326027397260274,"Venezia FC","Serie A"," 1.93"," 6.13"," 4.53","71.70"," 0.20"," 0.27"," 0.53"," 0.20","20.00"," 0.20"," 0.20"," 0.00"," 0.00"," 0.00"," 1.93"," 0.20"," 0.00"," 0.07"," 0.13"," 1.87"," 0.28"," 0.07"," 7.47","16.67","44.80","27.80"," 6.00","44.10","38.00"," 9.20","47.80","39.80","10.20"," 0.67"," 6.50"," 0.53","11.80"
"185","Simon Mignolet",6500000,"34",1.93,"Goalkeeper","right",3.32876712328767,"Club Brugge KV","First Division A"," 3.33"," 7.33"," 4.50","61.40"," 0.17"," 0.17"," 0.67"," 0.00"," 0.00"," 0.50"," 0.50"," 0.00"," 0.00"," 0.00"," 3.33"," 0.50"," 0.00"," 0.00"," 0.00"," 3.30"," 0.40","-0.03","11.00","20.00","55.00","30.00"," 3.50","52.20","39.60"," 7.83","55.30","39.90"," 5.50"," 0.50"," 9.10"," 0.67","13.60"
"186","Simone Scuffet",800000,"25",1.93,"Goalkeeper","right",1.24383561643836,"APOEL Nicosia","Süper Lig"," 1.44"," 4.00"," 2.67","66.70"," 0.22"," 0.22"," 0.56"," 0.22","22.20"," 0.11"," 0.11"," 0.00"," 0.00"," 0.00"," 1.44"," 0.11"," 0.00"," 0.11"," 0.00"," 1.23"," 0.29","-0.21"," 7.00","15.56","45.00","18.33"," 3.78","46.70","38.70","10.22","68.50","49.10"," 9.22"," 0.22"," 2.40"," 0.44","14.00"
"187","Stefan Bajic",2000000,"20",1.88,"Goalkeeper","right",0.326027397260274,"Pau FC","Ligue 2"," 2.55"," 4.65"," 2.40","51.60"," 0.00"," 0.15"," 0.60"," 0.00"," 0.00"," 0.45"," 0.30"," 0.00"," 0.15"," 0.00"," 2.55"," 0.30"," 0.15"," 0.00"," 0.00"," 2.27"," 0.43","-0.29"," 5.40","15.45","35.00","25.50"," 7.20","39.40","34.70"," 7.65","70.60","50.30"," 9.60"," 0.45"," 4.70"," 1.35","15.50"
"188","Stefan Ortega",6000000,"29",1.85,"Goalkeeper","right",0.326027397260274,"Arminia Bielefeld","Bundesliga"," 1.22"," 4.42"," 3.31","75.50"," 0.22"," 0.42"," 0.36"," 0.33","33.30"," 0.14"," 0.14"," 0.00"," 0.00"," 0.00"," 1.22"," 0.14"," 0.00"," 0.14"," 0.00"," 1.39"," 0.29"," 0.16","14.56","30.75","47.30","43.58"," 2.56","56.80","45.80"," 8.89","67.50","53.30"," 9.67"," 0.72"," 7.50"," 1.17","16.00"
"189","Steve Mandanda",2000000,"36",1.85,"Goalkeeper","right",2.32876712328767,"Olympique Marseille","Ligue 1"," 1.25"," 3.56"," 2.38","66.70"," 0.56"," 0.31"," 0.13"," 0.25","25.00"," 0.06"," 0.06"," 0.00"," 0.00"," 0.00"," 1.25"," 0.06"," 0.00"," 0.38"," 0.06"," 1.14"," 0.33","-0.04"," 4.19"," 8.88","47.20","27.69"," 4.56","27.10","30.30"," 6.69","20.60","27.60"," 8.25"," 0.44"," 5.30"," 0.75","15.30"
"190","Stole Dimitrievski",2500000,"28",1.88,"Goalkeeper","right",2.32876712328767,"Rayo Vallecano","La Liga"," 1.16"," 3.54"," 2.68","75.70"," 0.45"," 0.15"," 0.35"," 0.30","31.60"," 0.40"," 0.30"," 0.10"," 0.00","25.00"," 1.16"," 0.30"," 0.00"," 0.15"," 0.05"," 1.31"," 0.28"," 0.20"," 7.12","19.60","36.30","23.03"," 4.90","59.40","47.30"," 7.58","78.00","58.20"," 7.63"," 0.76"," 9.90"," 0.25","11.50"
"191","Sven Ulreich",900000,"33",1.92,"Goalkeeper","right",0.326027397260274,"Bayern Munich","Bundesliga"," 1.50"," 3.50"," 2.33","61.90"," 0.33"," 0.33"," 0.33"," 0.17","16.70"," 0.17"," 0.17"," 0.00"," 0.00"," 0.00"," 1.50"," 0.17"," 0.17"," 0.17"," 0.17"," 1.38"," 0.35"," 0.05"," 3.83"," 8.33","46.00","33.17"," 5.00","23.60","27.50"," 4.83","10.30","19.70"," 5.00"," 0.83","16.70"," 1.50","18.30"
"192","Thibaut Courtois",65000000,"29",2,"Goalkeeper","left",4.32876712328767,"Real Madrid","La Liga"," 0.73"," 3.44"," 2.77","80.40"," 0.67"," 0.23"," 0.10"," 0.42","42.30"," 0.10"," 0.06"," 0.04"," 0.00","40.00"," 0.73"," 0.06"," 0.02"," 0.04"," 0.00"," 0.90"," 0.24"," 0.17"," 3.44"," 9.40","36.60","28.62"," 5.90","24.70","32.10"," 5.67","41.00","39.20"," 8.02"," 0.73"," 9.10"," 0.69","15.10"
"193","Thomas Didillon",1300000,"26",1.93,"Goalkeeper","left",2.32876712328767,"Cercle Brugge","Ligue 1"," 1.56"," 4.00"," 2.89","69.40"," 0.11"," 0.11"," 0.78"," 0.22","22.20"," 0.33"," 0.33"," 0.00"," 0.00"," 0.00"," 1.56"," 0.33"," 0.00"," 0.00"," 0.11"," 1.41"," 0.28","-0.03"," 5.56","13.22","42.00","17.33"," 4.11","48.70","40.70"," 5.11","93.50","60.90","14.00"," 1.44","10.30"," 0.33","13.60"
"194","Thomas Strakosha",7000000,"26",1.93,"Goalkeeper","right",0.326027397260274,"SS Lazio","Serie A"," 0.92"," 3.17"," 2.38","76.30"," 0.42"," 0.33"," 0.25"," 0.46","45.80"," 0.17"," 0.17"," 0.00"," 0.00"," 0.00"," 0.92"," 0.17"," 0.00"," 0.08"," 0.04"," 0.92"," 0.25"," 0.05"," 4.58"," 8.83","51.90","23.83"," 3.96","31.60","30.80"," 6.79","19.00","24.00"," 7.75"," 0.33"," 4.30"," 0.33","14.90"
"195","Tim Krul",2000000,"33",1.93,"Goalkeeper","left",2.32876712328767,"Norwich City","Premier League"," 2.00"," 4.95"," 3.20","65.70"," 0.15"," 0.20"," 0.65"," 0.15","15.00"," 0.35"," 0.30"," 0.05"," 0.00","14.30"," 2.00"," 0.30"," 0.00"," 0.30"," 0.10"," 1.85"," 0.32","-0.06"," 6.80","17.75","38.30","29.45"," 4.90","46.50","40.40"," 7.55","53.60","44.90"," 8.60"," 0.35"," 4.10"," 0.40","12.80"
"196","Timo Horn",4000000,"28",1.92,"Goalkeeper","left",1.32602739726027,"1. FC Köln","Bundesliga"," 1.67"," 4.29"," 2.71","62.10"," 0.29"," 0.38"," 0.33"," 0.13","12.50"," 0.04"," 0.04"," 0.00"," 0.00"," 0.00"," 1.67"," 0.04"," 0.00"," 0.21"," 0.04"," 1.45"," 0.33","-0.18"," 6.33","13.79","45.90","32.00"," 3.38","36.10","36.00"," 6.25","36.00","35.80"," 7.33"," 0.17"," 2.30"," 0.79","15.70"
"197","Tom Heaton",1000000,"35",1.88,"Goalkeeper","right",1.32602739726027,"Manchester United","Premier League"," 1.76"," 4.97"," 3.36","67.70"," 0.30"," 0.15"," 0.55"," 0.20","20.00"," 0.15"," 0.15"," 0.00"," 0.00"," 0.00"," 1.76"," 0.15"," 0.05"," 0.35"," 0.05"," 1.64"," 0.31","-0.07"," 6.47","19.26","33.60","20.97"," 4.77","57.70","45.90"," 9.83","73.00","56.50","11.29"," 0.85"," 7.60"," 0.40","11.70"
"198","Tomáš Vaclík",4000000,"32",1.9,"Goalkeeper","right",1.32602739726027,"Olympiacos Piraeus","Super League"," 1.33"," 3.44"," 2.22","64.50"," 0.44"," 0.00"," 0.56"," 0.33","33.30"," 0.11"," 0.11"," 0.00"," 0.00"," 0.00"," 1.33"," 0.11"," 0.00"," 0.44"," 0.00"," 1.39"," 0.37"," 0.06"," 7.11","16.44","43.20","25.78"," 4.00","42.70","38.40"," 9.89","55.10","44.60"," 8.33"," 0.78"," 9.30"," 0.33","12.50"
"199","Unai Simón",25000000,"24",1.9,"Goalkeeper","right",3.32876712328767,"Athletic Bilbao","La Liga"," 0.91"," 3.09"," 2.17","74.10"," 0.31"," 0.43"," 0.26"," 0.37","37.10"," 0.11"," 0.11"," 0.00"," 0.00"," 0.00"," 0.91"," 0.11"," 0.00"," 0.11"," 0.03"," 0.86"," 0.25","-0.02"," 5.37","11.71","45.90","19.49"," 5.77","39.30","36.30"," 7.46","54.40","45.60","11.14"," 0.69"," 6.20"," 0.71","15.20"
"200","Vicente Guaita",1500000,"35",1.9,"Goalkeeper","right",1.32602739726027,"Crystal Palace","Premier League"," 1.54"," 4.12"," 2.68","64.90"," 0.25"," 0.31"," 0.46"," 0.28","27.30"," 0.09"," 0.09"," 0.00"," 0.00"," 0.00"," 1.54"," 0.09"," 0.03"," 0.34"," 0.00"," 1.34"," 0.31","-0.20"," 6.03","14.12","42.70","24.00"," 5.05","40.60","35.70"," 7.08","61.70","46.40"," 8.37"," 0.77"," 9.20"," 0.52","13.80"
"201","Vid Belec",700000,"31",1.92,"Goalkeeper","right",1.32602739726027,"US Salernitana 1919","Serie A"," 2.25"," 5.95"," 3.90","64.70"," 0.15"," 0.10"," 0.75"," 0.05"," 5.00"," 0.20"," 0.15"," 0.00"," 0.05"," 0.00"," 2.25"," 0.15"," 0.00"," 0.30"," 0.10"," 1.75"," 0.27","-0.41"," 7.15","16.75","42.70","18.65"," 3.50","56.30","44.60"," 8.40","74.40","53.50"," 9.85"," 0.50"," 5.10"," 0.30","12.60"
"202","Vito Mannone",600000,"34",1.88,"Goalkeeper","right",0.326027397260274,"AS Monaco","Ligue 1"," 1.56"," 3.33"," 2.00","60.00"," 0.56"," 0.11"," 0.33"," 0.22","22.20"," 0.22"," 0.22"," 0.00"," 0.00"," 0.00"," 1.56"," 0.22"," 0.00"," 0.11"," 0.00"," 1.32"," 0.34","-0.23"," 6.11","15.33","39.90","25.11"," 2.89","41.20","36.40"," 6.78","73.80","54.00"," 7.00"," 0.33"," 4.80"," 0.67","18.80"
"203","Walter Benítez",12000000,"29",1.91,"Goalkeeper","right",1.32602739726027,"OGC Nice","Ligue 1"," 0.92"," 3.69"," 2.89","78.20"," 0.56"," 0.19"," 0.25"," 0.36","36.10"," 0.11"," 0.11"," 0.00"," 0.00"," 0.00"," 0.92"," 0.11"," 0.03"," 0.11"," 0.00"," 1.05"," 0.26"," 0.14"," 4.39","11.00","39.90","21.28"," 4.22","32.80","32.50"," 7.11","56.60","44.60"," 8.44"," 0.42"," 4.90"," 0.67","15.00"
"204","Wayne Hennessey",800000,"35",1.97,"Goalkeeper","right",1.32602739726027,"Burnley FC","Premier League"," 1.49"," 3.71"," 2.40","64.60"," 0.23"," 0.17"," 0.57"," 0.29","29.40"," 0.23"," 0.17"," 0.06"," 0.00","25.00"," 1.49"," 0.17"," 0.06"," 0.29"," 0.00"," 1.27"," 0.30","-0.21"," 6.57","20.00","32.90","20.91"," 3.49","62.00","49.40"," 8.29","84.80","68.30","10.17"," 0.51"," 5.10"," 0.69","15.10"
"205","Wojciech Szczesny",15000000,"31",1.96,"Goalkeeper","right",2.32876712328767,"Juventus FC","Serie A"," 1.05"," 3.07"," 2.17","69.00"," 0.54"," 0.27"," 0.19"," 0.32","31.70"," 0.17"," 0.10"," 0.07"," 0.00","42.90"," 1.05"," 0.10"," 0.05"," 0.22"," 0.05"," 0.95"," 0.28","-0.05"," 5.11"," 9.45","54.10","25.05"," 4.41","31.10","33.20"," 5.62","29.40","30.30"," 8.79"," 0.66"," 7.50"," 0.46","13.80"
"206","Wuilker Faríñez",2500000,"24",1.8,"Goalkeeper","right",2.32876712328767,"RC Lens","Ligue 1"," 1.78"," 4.09"," 2.31","60.90"," 0.36"," 0.18"," 0.36"," 0.18","20.00"," 0.18"," 0.18"," 0.00"," 0.00"," 0.00"," 1.78"," 0.18"," 0.00"," 0.18"," 0.00"," 1.48"," 0.32","-0.30"," 1.42"," 7.11","20.00","16.54"," 3.74","32.30","31.00"," 7.29","24.40","27.40"," 7.11"," 0.00"," 0.00"," 1.25","15.80"
"207","Yann Sommer",5000000,"33",1.83,"Goalkeeper","right",1.32602739726027,"Borussia Mönchengladbach","Bundesliga"," 2.02"," 5.22"," 3.29","63.00"," 0.33"," 0.21"," 0.48"," 0.12","11.80"," 0.15"," 0.09"," 0.06"," 0.00","40.00"," 2.02"," 0.09"," 0.03"," 0.18"," 0.03"," 2.00"," 0.36"," 0.01"," 6.82","15.21","44.80","36.37"," 4.65","35.20","33.70"," 6.04","40.00","36.10"," 6.64"," 0.51"," 7.70"," 1.03","15.20"
"208","Yassine Bounou",15000000,"30",1.92,"Goalkeeper","left",2.32876712328767,"Sevilla FC","La Liga"," 0.79"," 2.77"," 2.12","78.20"," 0.51"," 0.33"," 0.16"," 0.44","44.20"," 0.28"," 0.19"," 0.05"," 0.05","20.00"," 0.79"," 0.19"," 0.02"," 0.09"," 0.00"," 0.83"," 0.24"," 0.04"," 5.60","12.51","44.80","27.07"," 3.84","32.90","34.70"," 6.51","55.40","44.00"," 7.47"," 0.72"," 9.70"," 0.67","14.90"
"209","Zack Steffen",6000000,"26",1.91,"Goalkeeper","right",3.32876712328767,"Manchester City","Bundesliga"," 2.12"," 5.59"," 3.59","63.20"," 0.24"," 0.18"," 0.59"," 0.12","11.80"," 0.12"," 0.06"," 0.06"," 0.00","50.00"," 2.12"," 0.06"," 0.06"," 0.35"," 0.06"," 1.88"," 0.32","-0.18"," 9.18","19.24","47.70","28.06"," 5.94","48.60","41.90"," 8.41","66.40","55.30"," 8.53"," 0.53"," 6.20"," 0.65","13.60"
